lemma	date1	date2	group	annotator1	annotator2	annotator3	annotator4	annotator5	mean	comments1	comments2	comments3	comments4	comments5
Reichstag	1880	1878	later	4	4	4	3	0	3.75	 	 	 	 	Satz 1 lässt kaum einen Rückschluss auf die Bedeutung von Reichstag zu.
technisch	1788	1899	compare	3	3	3	4	3	3.2	 	 	 	 	 
geharnischt	1778	1895	compare	4	3	4	4	3	3.6	 	 	 	 	 
flott	1774	1756	earlier	0	1	2	0	0	0	Satz 1 zu wenig Kontext	 	 	zwei verschiedene Wörter	Die Bedeutung von flott ist in Satz 1 nicht erkennbar
Feine	1879	1897	later	2	1	2	2	1	1.6	 	 	 	 	 
packen	1864	1784	compare	3	1	3	1	3	2.2	 	 	 	 	 
Feder	1866	1796	compare	2	2	2	2	2	2	 	 	 	 	 
englisch	1769	1756	earlier	3	3	3	3	4	3.2	 	 	 	 	 
Presse	1868	1795	compare	2	2	1	2	0	1.75	 	 	 	 	Es ist nicht möglich, die Bedeutung von Presse in Satz 2 zweifelsfrei zu erschließen.
Kinderstube	1787	1783	earlier	3	1	4	4	4	3.2	 	 	 	 	 
Presse	1756	1766	earlier	3	1	4	2	2	2.4	 	 	 	 	 
packen	1777	1796	earlier	3	4	3	3	4	3.4	 	 	 	 	 
Feine	1756	1855	compare	4	4	2	3	3	3.2	 	 	 	 	 
Museum	1855	1876	later	4	4	3	4	4	3.8	 	 	 	 	 
Anstellung	1875	1880	later	4	3	4	4	4	3.8	 	 	 	 	 
packen	1881	1866	later	4	4	4	4	4	4	 	 	 	 	 
Steckenpferd	1852	1783	compare	2	1	2	1	1	1.4	 	 	 	 	 
Abend	1791	1855	compare	4	4	4	4	4	4	 	 	 	 	 
Vorwort	1764	1778	earlier	2	1	3	2	1	1.8	 	 	 	 	 
geharnischt	1890	1861	later	2	1	3	2	1	1.8	 	 	 	 	 
Vorwort	1764	1756	earlier	2	2	1	2	1	1.6	 	 	 	 	 
packen	1856	1869	later	4	1	3	1	3	2.4	 	 	 	 	 
packen	1776	1775	earlier	2	1	2	0	1	1.5	 	 	 	zwei verschiedene Wörter	 
technisch	1793	1788	earlier	4	4	4	3	3	3.6	 	 	 	 	 
Reichstag	1757	1787	earlier	3	3	3	3	0	3	 	 	 	 	Bedeutung von Reichstag in Satz 2 kaum zu erschließen
Anstalt	1868	1751	compare	1	2	1	1	1	1.2	 	 	 	 	 
billig	1888	1862	later	2	2	1	1	2	1.6	 	 	 	 	 
Abend	1854	1864	later	3	4	4	4	4	3.8	 	 	 	 	 
Steckenpferd	1899	1889	later	4	4	3	0	0	3.6666666667	 	 	 	zu wenig Kontext	Es ist nicht möglich, die Bedeutung von Steckenpferd in Satz 2 zweifelsfrei zu erschließen.
packen	1894	1851	later	0	0	1	0	0	0	Satz 1 zu wenig Kontext	Sprache von Satz 1 leider nicht bekannt	 	zwei verschiedene Wörter	Satz 1 ist ein fremsprachlicher Beleg. Vermutlich hat hier die Lemmatisierung nicht funktioniert.
Zufall	1796	1791	earlier	2	1	1	1	2	1.4	 	 	 	 	 
Kinderstube	1894	1871	later	3	2	3	2	4	2.8	 	 	 	 	 
Anstalt	1861	1852	later	1	1	1	1	1	1	 	 	 	 	 
Anstalt	1850	1852	later	1	2	1	1	1	1.2	 	 	 	 	 
billig	1888	1895	later	4	1	1	1	2	1.8	 	 	 	 	 
Kinderstube	1876	1871	later	3	3	4	4	2	3.2	 	 	 	 	 
Vorwort	1858	1893	later	2	2	1	2	1	1.6	 	 	 	 	 
Reichstag	1876	1876	later	3	3	4	3	4	3.4	 	 	 	 	 
Presse	1876	1855	later	2	1	2	1	1	1.4	 	 	 	 	 
Feine	1855	1799	compare	4	4	4	2	3	3.4	 	 	 	 	 
Feder	1867	1775	compare	2	2	1	2	2	1.8	 	 	 	 	 
Zufall	1776	1774	earlier	4	2	4	4	4	3.6	 	 	 	 	 
Donnerwetter	1852	1861	later	4	4	4	4	4	4	 	 	 	 	 
Kinderstube	1873	1787	compare	3	2	4	3	3	3	 	 	 	 	 
Reichstag	1786	1787	earlier	4	3	4	4	4	3.8	 	 	 	 	 
Anstalt	1780	1861	compare	1	1	1	1	1	1	 	 	 	 	 
Presse	1893	1868	later	0	1	1	0	0	0	Satz 1 zu wenig Kontext	 	 	zwei verschiedene Wörter	Fehler bei der Lemmatisierung (Satz 1)
Kinderstube	1853	1895	later	3	2	3	2	2	2.4	 	 	 	 	 
Vorwort	1881	1857	later	3	1	4	3	0	2.75	 	 	 	 	Bedeutung von Vorwort in Satz 1 nicht erschließbar.
Vorwort	1890	1884	later	4	4	4	4	0	4	 	 	 	 	Bedeutung von Vorwort in Satz 2 nicht erschließbar.
Motiv	1796	1767	earlier	4	4	3	3	2	3.2	 	 	 	 	 
Anstalt	1891	1896	later	3	3	3	4	3	3.2	 	 	 	 	 
Bilanz	1877	1758	compare	0	4	1	0	0	0	Satz 2 zu wenig Kontext	 	 	zu wenig Kontext	Bedeutung von Bilanzen in Satz 2 nicht zweifelsfrei erschließbar.
Anstellung	1793	1792	earlier	2	1	3	1	2	1.8	 	 	 	 	 
Motiv	1789	1851	compare	3	1	4	2	2	2.4	 	 	 	 	 
Bilanz	1775	1758	earlier	3	4	2	2	4	3	 	 	 	 	 
Museum	1855	1853	later	4	3	4	4	4	3.8	 	 	 	 	 
englisch	1792	1892	compare	3	3	3	4	4	3.4	“Englische” in Satz 2 gehört zum Namen “Englische Bank” und deshalb nur der enge Bezug 3	 	 	 	 
Donnerwetter	1772	1751	earlier	2	2	2	3	3	2.4	 	 	 	 	 
Bilanz	1794	1794	earlier	4	4	4	0	4	4	 	 	 	zu wenig Kontext	 
Presse	1783	1771	earlier	4	3	3	3	2	3	 	 	 	 	 
Museum	1782	1855	compare	4	4	4	4	4	4	 	 	 	 	 
flott	1792	1795	earlier	3	1	2	3	2	2.2	 	 	 	 	 
Abend	1861	1896	later	3	3	4	3	4	3.4	 	 	 	 	 
Anstellung	1852	1789	compare	0	1	3	2	2	2	Satz 1 zu wenig Kontext	 	 	 	 
technisch	1796	1853	compare	4	4	3	3	4	3.6	 	 	 	 	 
Anstellung	1798	1791	earlier	3	1	4	2	3	2.6	 	 	 	 	 
Presse	1779	1868	compare	3	2	1	3	4	2.6	 	 	 	 	 
Steckenpferd	1894	1869	later	0	4	1	1	0	2	Satz 2 zu wenig Kontext	 	 	 	Die Bedeutung von Steckenpferd in Satz 2 nicht zweifelsfrei erschließbar, da es sich um eine Aufzä
locker	1779	1756	earlier	4	4	3	1	3	3	 	 	 	 	 
packen	1785	1756	earlier	3	4	3	4	4	3.6	 	 	 	 	 
Feine	1771	1771	earlier	3	2	1	4	3	2.6	Oder 4...	 	 	 	 
Kinderstube	1876	1896	later	4	3	3	2	3	3	beides Mal ist keine konkrete Kinderstube gemeint	 	 	 	 
Zufall	1755	1750	earlier	4	4	4	4	4	4	 	 	 	 	 
englisch	1879	1777	compare	4	3	3	3	0	3.25	 	 	 	 	Bedeutung von englisch in Satz 1 nicht zweifelsfrei erschließbar
Feine	1771	1866	compare	3	4	3	3	2	3	 	 	 	 	 
billig	1787	1882	compare	4	4	4	4	2	3.6	angemessen	 	 	 	 
technisch	1870	1870	later	3	2	2	2	3	2.4	 	 	 	 	 
Motiv	1893	1792	compare	4	1	1	3	1	2	 	 	 	 	 
Anstellung	1767	1799	earlier	3	4	4	3	1	3	 	 	 	 	 
Reichstag	1876	1876	later	4	3	4	4	4	3.8	 	 	 	 	 
Anstellung	1792	1877	compare	0	4	4	4	4	4	Satz 2 ist unverständlich	 	 	 	 
Donnerwetter	1772	1796	earlier	0	2	3	0	0	0	Satz 1 zu wenig Kontext	 	 	zu wenig Kontext	Die Bedeutung von Donnerwetter in Satz 1 nicht zweifelsfrei erschließbar.
Bilanz	1756	1776	earlier	4	3	4	2	4	3.4	 	 	 	 	 
Vorwort	1890	1889	later	4	4	4	4	4	4	 	 	 	 	 
Zufall	1762	1883	compare	4	2	1	3	4	2.8	 	 	 	 	 
packen	1861	1879	later	3	1	2	1	3	2	 	 	 	 	 
technisch	1795	1796	earlier	4	2	2	3	4	3	 	 	 	 	 
Steckenpferd	1796	1796	earlier	2	1	1	2	1	1.4	 	 	 	 	 
Vorwort	1858	1891	later	4	4	4	4	4	4	 	 	 	 	 
flott	1756	1893	compare	2	2	2	0	0	2	 	 	 	zwei verschiedene Wörter	In Satz 2 Flott falsch lemmatisiert. Es handelt sich hier nicht um das Adjektiv, sondern um das Subs
locker	1756	1756	earlier	4	4	4	4	4	4	 	 	 	 	 
Vorwort	1858	1764	compare	2	2	1	1	1	1.4	 	1	 	 	 
englisch	1781	1869	compare	3	3	3	3	4	3.2	 	 	 	 	 
packen	1792	1777	earlier	3	3	4	3	0	3.25	 	 	 	 	Falsche Lemmatisierung in Satz 1. 
geharnischt	1776	1786	earlier	4	4	4	4	4	4	 	 	 	 	 
Bilanz	1884	1894	later	4	1	2	3	4	2.8	 	 	 	 	 
Donnerwetter	1784	1784	earlier	4	4	4	4	4	4	 	 	 	 	 
Steckenpferd	1788	1796	earlier	4	4	4	3	4	3.8	 	 	 	 	 
Feder	1789	1784	earlier	1	1	1	2	2	1.4	 	 	 	 	 
Anstalt	1795	1861	compare	3	4	4	4	4	3.8	 	 	 	 	 
Feder	1784	1798	earlier	4	3	4	2	3	3.2	 	 	 	 	 
billig	1865	1776	compare	2	1	1	3	3	2	 	 	 	 	 
packen	1889	1896	later	2	1	1	2	3	1.8	 	 	 	 	 
Motiv	1792	1898	compare	3	4	3	2	4	3.2	 	 	 	 	 
Donnerwetter	1879	1850	later	2	1	1	1	3	1.6	 	 	 	 	 
geharnischt	1861	1791	compare	4	4	4	4	4	4	 	 	 	 	 
Anstellung	1896	1896	later	3	2	3	4	4	3.2	 	 	 	 	 
Feder	1867	1783	compare	4	4	4	4	4	4	 	 	 	 	 
Abend	1896	1861	later	4	3	3	3	4	3.4	 	 	 	 	 
packen	1789	1860	compare	4	4	4	4	3	3.8	 	 	 	 	 
Vorwort	1764	1852	compare	2	2	1	1	1	1.4	 	 	 	 	 
Donnerwetter	1897	1879	later	4	4	4	4	4	4	 	 	 	 	 
Presse	1896	1791	compare	2	2	1	1	2	1.6	 	 	 	 	 
Reichstag	1787	1787	earlier	4	3	4	3	4	3.6	 	 	 	 	 
Anstellung	1868	1896	later	4	3	4	4	4	3.8	 	 	 	 	 
Anstellung	1896	1865	later	4	4	4	4	4	4	 	 	 	 	 
Museum	1890	1855	later	4	3	4	4	4	3.8	 	 	 	 	 
Vorwort	1764	1764	earlier	4	4	4	4	4	4	 	 	 	 	 
Feine	1782	1899	compare	2	3	3	2	2	2.4	 	 	 	 	 
Museum	1787	1862	compare	4	3	4	4	4	3.8	 	 	 	 	 
Presse	1889	1798	compare	3	2	2	1	2	2	 	 	 	 	 
Vorwort	1764	1764	earlier	4	4	4	4	4	4	 	 	 	 	 
Abend	1786	1782	earlier	4	4	4	2	4	3.6	 	 	 	 	 
Bilanz	1894	1871	later	4	2	2	2	3	2.6	 	 	 	 	 
Reichstag	1876	1787	compare	3	3	3	3	4	3.2	 	 	 	 	 
technisch	1887	1853	later	3	2	3	3	3	2.8	 	 	 	 	 
Reichstag	1876	1786	compare	3	3	4	3	3	3.2	 	 	 	 	 
Presse	1756	1777	earlier	3	3	3	4	3	3.2	 	 	 	 	 
Zufall	1771	1750	earlier	4	4	1	4	4	3.4	 	 	 	 	 
packen	1779	1789	earlier	3	1	2	1	3	2	 	 	 	 	 
Anstalt	1873	1875	later	1	1	1	1	1	1	 	 	 	 	 
packen	1866	1787	compare	4	4	4	4	4	4	 	 	 	 	 
Donnerwetter	1889	1852	later	4	1	2	2	2	2.2	 	 	 	 	 
flott	1772	1778	earlier	0	1	1	1	0	1	Satz 1 zu wenig Kontext	 	 	 	Satz 1 vermutlich falsch lemmatisiert. Hier liegt ein teilweise fremdsprachlicher Beleg vor.
flott	1796	1861	compare	4	4	4	4	4	4	 	 	 	 	 
Anstellung	1792	1759	earlier	3	1	1	1	2	1.6	 	 	 	 	 
Motiv	1894	1790	compare	2	1	1	3	1	1.6	 	 	 	 	 
locker	1863	1882	later	4	2	3	4	4	3.4	 	 	 	 	 
Steckenpferd	1778	1869	compare	0	1	1	4	0	2	Satz 2 zu wenig Kontext	 	 	 	Bedeutung von Steckenpferd in Satz 2 nicht erschließbar, da es sich hier um eine Aufzählung ohne w
Abend	1776	1776	earlier	4	4	4	4	4	4	 	 	 	 	 
Presse	1753	1868	compare	3	1	1	1	2	1.6	 	 	 	 	 
packen	1787	1864	compare	4	4	4	4	4	4	 	 	 	 	 
Anstalt	1755	1896	compare	1	1	1	1	3	1.4	 	 	 	 	 
technisch	1781	1893	compare	3	3	2	4	4	3.2	 	 	 	 	 
billig	1752	1766	earlier	2	4	1	3	4	2.8	 	 	 	 	 
Museum	1870	1855	later	4	2	4	3	4	3.4	 	 	 	 	 
technisch	1897	1855	later	4	3	3	3	4	3.4	 	 	 	 	 
Steckenpferd	1778	1798	earlier	2	1	1	4	1	1.8	 	 	 	 	 
Presse	1868	1752	compare	2	1	1	1	0	1.25	 	 	 	 	Die Bedeutung von Presse in Satz 1 kann aufgrund von fehlendem Kntext nicht erschlossen werden.
Donnerwetter	1769	1784	earlier	2	4	4	2	3	3	 	 	 	 	 
Reichstag	1898	1787	compare	4	3	4	4	3	3.6	 	 	 	 	 
Museum	1876	1888	later	4	2	4	0	4	3.5	 	 	 	zu wenig Kontext	 
Feder	1778	1889	compare	3	4	3	3	4	3.4	 	 	 	 	 
Museum	1896	1787	compare	4	4	3	4	4	3.8	 	 	 	 	 
Donnerwetter	1784	1784	earlier	4	4	4	4	4	4	 	 	 	 	 
Zufall	1752	1853	compare	4	4	4	4	4	4	 	 	 	 	 
Abend	1871	1778	compare	4	4	4	4	4	4	 	 	 	 	 
Museum	1890	1855	later	4	3	4	4	4	3.8	 	 	 	 	 
flott	1898	1879	later	3	1	4	3	3	2.8	 	 	 	 	 
Donnerwetter	1795	1784	earlier	4	4	4	4	4	4	 	 	 	 	 
Anstellung	1876	1799	compare	4	3	3	3	4	3.4	 	 	 	 	 
Presse	1751	1899	compare	3	3	3	2	4	3	 	 	 	 	 
Feder	1852	1882	later	4	3	3	3	4	3.4	 	 	 	 	 
Kinderstube	1867	1855	later	3	2	2	3	2	2.4	 	 	 	 	 
Zufall	1890	1796	compare	4	3	4	4	4	3.8	 	 	 	 	 
Anstalt	1857	1896	later	3	2	3	4	4	3.2	 	 	 	 	 
Donnerwetter	1889	1852	later	2	2	1	2	2	1.8	 	 	 	 	 
Zufall	1882	1755	compare	4	4	4	3	4	3.8	 	 	 	 	 
Bilanz	1885	1899	later	3	4	2	2	2	2.6	 	 	 	 	 
Feine	1787	1756	earlier	3	4	2	1	2	2.4	 	 	 	 	 
Museum	1875	1867	later	4	3	4	4	4	3.8	 	 	 	 	 
Museum	1855	1888	later	4	3	4	3	4	3.6	 	 	 	 	 
Abend	1876	1861	later	4	4	4	4	4	4	 	 	 	 	 
billig	1754	1855	compare	4	4	4	4	4	4	 	 	 	 	 
billig	1855	1794	compare	4	4	1	2	4	3	 	 	 	 	 
Kinderstube	1797	1775	earlier	4	4	2	3	4	3.4	 	 	 	 	 
Feine	1799	1782	earlier	3	2	2	3	3	2.6	 	 	 	 	 
flott	1871	1866	later	4	1	4	4	3	3.2	 	 	 	 	 
Motiv	1893	1858	later	3	3	1	4	1	2.4	 	 	 	 	 
Donnerwetter	1877	1879	later	3	1	1	1	1	1.4	 	 	 	 	 
locker	1796	1792	earlier	3	2	2	1	2	2	 	 	 	 	 
Presse	1784	1764	earlier	4	4	2	4	4	3.6	 	 	 	 	 
technisch	1792	1788	earlier	4	2	1	3	3	2.6	 	 	 	 	 
Vorwort	1771	1853	compare	2	2	1	1	1	1.4	 	 	 	 	 
locker	1875	1875	later	4	4	4	4	4	4	 	 	 	 	 
Steckenpferd	1750	1777	earlier	2	1	2	2	2	1.8	 	 	 	 	 
Presse	1794	1778	earlier	4	4	4	4	4	4	 	 	 	 	 
Zufall	1888	1877	later	4	4	1	3	4	3.2	 	 	 	 	 
Steckenpferd	1791	1767	earlier	2	4	3	2	4	3	 	 	 	 	 
billig	1756	1868	compare	2	1	1	1	2	1.4	 	 	 	 	 
Feder	1781	1750	earlier	4	2	4	3	4	3.4	 	 	 	 	 
Motiv	1789	1865	compare	4	4	4	3	3	3.6	 	 	 	 	 
Feine	1774	1756	earlier	2	3	2	2	3	2.4	 	 	 	 	 
Kinderstube	1898	1853	later	3	2	4	3	4	3.2	 	 	 	 	 
Abend	1866	1775	compare	4	4	4	3	4	3.8	 	 	 	 	 
technisch	1792	1894	compare	4	2	2	3	3	2.8	 	 	 	 	 
Zufall	1780	1791	earlier	4	3	1	3	4	3	 	 	 	 	 
Feder	1784	1779	earlier	2	2	2	3	3	2.4	 	 	 	 	 
Zufall	1791	1793	earlier	1	3	4	4	4	3.2	Satz 2: Zufall ist Anfall, deshalb 1	 	 	 	 
Museum	1891	1859	later	4	4	4	4	4	4	 	 	 	 	 
englisch	1774	1756	earlier	4	4	4	4	4	4	 	 	 	 	 
Anstellung	1790	1876	compare	4	3	4	4	4	3.8	 	 	 	 	 
Anstalt	1879	1799	compare	3	1	2	3	2	2.2	 	 	 	 	 
Kinderstube	1760	1778	earlier	4	3	4	2	4	3.4	 	 	 	 	 
Reichstag	1753	1789	earlier	4	3	3	4	4	3.6	 	 	 	 	 
englisch	1789	1786	earlier	4	4	4	4	4	4	 	 	 	 	 
Presse	1794	1795	earlier	4	3	1	3	4	3	 	 	 	 	 
Vorwort	1865	1853	later	4	4	4	4	4	4	 	 	 	 	 
flott	1795	1764	earlier	2	2	1	0	0	1.6666666667	 	 	 	zwei verschiedene Wörter	Lemmatisierung von Flotte in Satz 2 falsch. Es handelt sich hier um das Substantiv Flotte nicht um d
technisch	1870	1792	compare	3	4	4	2	4	3.4	 	 	 	 	 
Vorwort	1773	1882	compare	4	1	2	3	3	2.6	 	 	 	 	 
locker	1879	1875	later	3	1	1	2	2	1.8	 	 	 	 	 
Feder	1792	1792	earlier	4	4	4	4	4	4	 	 	 	 	 
technisch	1787	1791	earlier	3	1	2	2	3	2.2	 	 	 	 	 
packen	1758	1779	earlier	3	2	3	3	0	2.75	 	 	 	 	In Satz 2 falsche Lemmatisierung. Möglicherweise ist hier Paket und nicht das Verb packen gemeint.
Kinderstube	1898	1795	compare	3	4	4	4	2	3.4	 	 	 	 	 
Reichstag	1878	1878	later	4	4	3	3	4	3.6	 	 	 	 	 
Donnerwetter	1899	1784	compare	2	1	1	1	1	1.2	 	 	 	 	 
geharnischt	1890	1776	compare	4	4	3	3	4	3.6	 	 	 	 	 
Anstellung	1886	1865	later	2	1	4	3	3	2.6	 	 	 	 	 
Feder	1867	1852	later	2	3	2	2	3	2.4	 	 	 	 	 
Steckenpferd	1879	1796	compare	4	4	4	3	4	3.8	 	 	 	 	 
Reichstag	1892	1878	later	4	4	4	4	4	4	 	 	 	 	 
Steckenpferd	1869	1895	later	2	1	2	2	2	1.8	 	 	 	 	 
Zufall	1854	1855	later	4	4	4	4	4	4	 	 	 	 	 
Donnerwetter	1779	1879	compare	3	2	2	3	3	2.6	 	 	 	 	 
Anstalt	1775	1784	earlier	4	1	4	4	3	3.2	 	 	 	 	 
flott	1858	1764	compare	2	1	1	0	0	1.3333333333	 	 	 	zwei verschiedene Wörter	In Satz 2 ist Flotte falsch lemmatisiert. 
Abend	1773	1855	compare	3	1	4	3	4	3	 	 	 	 	 
Abend	1896	1877	later	4	3	3	3	4	3.4	 	 	 	 	 
Zufall	1887	1893	later	4	4	4	3	4	3.8	 	 	 	 	 
Anstellung	1767	1876	compare	2	1	2	3	3	2.2	 	 	 	 	 
flott	1893	1893	later	4	4	4	4	0	4	 	 	 	 	Beide Belege meinen das Substantiv Flotte, nicht das Adjektiv.
Feder	1855	1899	later	4	2	4	4	4	3.6	 	 	 	 	 
packen	1774	1867	compare	2	1	2	0	0	1.6666666667	 	 	 	zwei verschiedene Wörter	Satz 1 ist falsch lemmatisiert. 
billig	1884	1855	later	4	4	3	4	4	3.8	 	 	 	 	 
Presse	1894	1868	later	4	4	4	4	4	4	 	 	 	 	 
flott	1772	1799	earlier	0	1	1	0	0	0	Satz 1 zu wenig Kontext	 	 	zwei verschiedene Wörter	Fremsprachlicher Beleg in Satz 1.
locker	1797	1759	earlier	4	2	2	3	3	2.8	 	 	 	 	 
Bilanz	1851	1767	compare	4	2	4	4	4	3.6	 	 	 	 	 
Anstalt	1854	1886	later	2	1	1	2	1	1.4	 	 	 	 	 
Feine	1778	1758	earlier	3	2	2	3	3	2.6	 	 	 	 	 
Zufall	1851	1859	later	4	4	4	4	4	4	 	 	 	 	 
packen	1857	1792	compare	3	3	3	3	0	3	 	 	 	 	Falsche Lemmatisierung in Satz 2.
Bilanz	1758	1893	compare	0	3	4	4	4	3.75	Satz 1 zu wenig Kontext	 	 	 	 
englisch	1755	1778	earlier	4	2	3	3	4	3.2	 	 	 	 	 
Anstellung	1868	1895	later	2	4	4	3	4	3.4	 	 	 	 	 
flott	1779	1764	earlier	2	1	1	0	0	1.3333333333	 	 	 	zwei verschiedene Wörter	Falsche Lemmatisierung in Satz 2.
englisch	1881	1761	compare	4	4	3	4	4	3.8	 	 	 	 	 
Donnerwetter	1784	1784	earlier	4	4	4	3	4	3.8	 	 	 	 	 
Museum	1780	1881	compare	4	4	4	4	4	4	 	 	 	 	 
Zufall	1869	1858	later	3	3	3	3	4	3.2	 	 	 	 	 
Presse	1890	1868	later	3	2	3	3	4	3	 	 	 	 	 
packen	1883	1755	compare	4	1	2	2	3	2.4	 	 	 	 	 
geharnischt	1778	1753	earlier	4	3	4	4	4	3.8	 	 	 	 	 
billig	1795	1750	earlier	3	3	1	3	3	2.6	Satz 1 zurecht und Satz 2 angemessen	 	 	 	 
Steckenpferd	1871	1788	compare	4	4	2	4	4	3.6	 	 	 	 	 
Reichstag	1796	1876	compare	4	3	3	3	4	3.4	 	 	 	 	 
Anstalt	1861	1857	later	3	1	2	3	3	2.4	 	 	 	 	 
Feder	1866	1797	compare	2	1	1	1	3	1.6	 	 	 	 	 
packen	1756	1889	compare	4	3	4	3	3	3.4	 	 	 	 	 
geharnischt	1889	1854	later	2	1	2	2	1	1.6	 	 	 	 	 
Bilanz	1870	1885	later	4	2	4	3	4	3.4	 	 	 	 	 
geharnischt	1791	1764	earlier	4	4	3	4	4	3.8	 	 	 	 	 
geharnischt	1895	1890	later	2	1	2	2	1	1.6	 	 	 	 	 
Bilanz	1886	1894	later	4	3	4	3	4	3.6	 	 	 	 	 
Zufall	1879	1783	compare	4	1	1	2	4	2.4	 	 	 	 	 
Reichstag	1787	1786	earlier	3	3	3	3	3	3	 	 	 	 	 
Anstellung	1796	1756	earlier	3	1	2	2	3	2.2	 	 	 	 	 
Reichstag	1880	1876	later	4	4	4	3	4	3.8	 	 	 	 	 
Steckenpferd	1767	1899	compare	4	1	1	3	1	2	 	 	 	 	 
Steckenpferd	1794	1791	earlier	4	2	1	3	2	2.4	 	 	 	 	 
geharnischt	1758	1769	earlier	4	3	2	3	4	3.2	 	 	 	 	 
Reichstag	1767	1792	earlier	4	3	4	4	4	3.8	 	 	 	 	 
geharnischt	1753	1753	earlier	4	4	2	4	4	3.6	 	 	 	 	 
Motiv	1894	1882	later	0	1	4	0	0	0	 	 	 	zu wenig Kontext	Bedeutungen von Motiv in Satz 1 und 2 nicht erschließbar.
Feder	1787	1866	compare	2	3	1	2	3	2.2	 	 	 	 	 
englisch	1850	1792	compare	4	2	3	3	4	3.2	 	 	 	 	 
Donnerwetter	1777	1784	earlier	4	4	4	4	4	4	 	 	 	 	 
technisch	1897	1855	later	4	3	3	3	4	3.4	 	 	 	 	 
technisch	1792	1795	earlier	4	2	2	2	4	2.8	 	 	 	 	 
Bilanz	1758	1756	earlier	4	4	3	4	4	3.8	 	 	 	 	 
Motiv	1862	1893	later	3	1	1	2	2	1.8	 	 	 	 	 
geharnischt	1791	1789	earlier	3	3	3	3	3	3	 	 	 	 	 
geharnischt	1858	1882	later	2	2	1	2	2	1.8	 	 	 	 	 
Feine	1897	1884	later	4	4	4	4	4	4	 	 	 	 	hier scheint jedoch die Lemmatisierung in beiden Fällen nicht richtig zu sein.
Zufall	1795	1899	compare	4	3	4	4	4	3.8	 	 	 	 	 
Presse	1754	1894	compare	2	1	1	1	3	1.6	 	 	 	 	 
Feine	1859	1853	later	3	1	3	3	3	2.6	 	 	 	 	 
Vorwort	1890	1771	compare	2	2	1	1	1	1.4	 	 	 	 	 
flott	1858	1799	compare	4	1	3	2	3	2.6	 	 	 	 	 
packen	1867	1859	later	4	4	3	4	4	3.8	 	 	 	 	 
Bilanz	1794	1796	earlier	0	1	2	0	0	0	Satz 1 zu wenig Kontext	 	 	zu wenig Kontext	Bedeutung von Bilanz in Satz 1 nicht erschließbar. Zu wenig Kontext.
locker	1865	1777	compare	3	2	2	2	3	2.4	 	 	 	 	 
Feder	1885	1755	compare	2	1	1	1	2	1.4	 	 	 	 	 
Abend	1885	1895	later	2	2	4	2	3	2.6	 	 	 	 	 
technisch	1781	1797	earlier	4	1	3	3	3	2.8	 	 	 	 	 
Vorwort	1771	1774	earlier	4	2	4	1	4	3	 	 	 	 	 
Museum	1783	1798	earlier	4	2	4	4	4	3.6	 	 	 	 	 
Donnerwetter	1783	1852	compare	2	1	1	1	1	1.2	 	 	 	 	 
Kinderstube	1791	1852	compare	4	2	3	3	4	3.2	 	 	 	 	 
geharnischt	1892	1874	later	4	4	2	4	4	3.6	 	 	 	 	 
englisch	1766	1796	earlier	4	2	4	3	4	3.4	 	 	 	 	 
flott	1869	1774	compare	0	1	1	0	0	0	Satz 2 zu wenig Kontext	 	 	zwei verschiedene Wörter	Falsche Lemmatisierung in Satz 2. Es handelt sich um einen fremdsprachlichen Beleg.
englisch	1774	1781	earlier	4	2	3	3	4	3.2	 	 	 	 	 
billig	1775	1791	earlier	4	4	4	4	4	4	angemessen	 	 	 	 
flott	1780	1796	earlier	4	4	4	4	4	4	 	 	 	 	 
technisch	1855	1853	later	4	2	4	4	3	3.4	 	 	 	 	 
billig	1884	1762	compare	2	2	1	1	1	1.4	 	 	 	 	 
Feine	1866	1897	later	0	2	1	0	0	0	Satz 2 zu wenig Kontext	 	 	zu wenig Kontext	Keine Aussage über die Bedeutung von fein in Satz 2 möglich.
Anstalt	1776	1794	earlier	4	3	3	4	2	3.2	 	 	 	 	 
flott	1889	1780	compare	4	4	4	4	4	4	 	 	 	 	 
locker	1865	1884	later	4	2	4	3	3	3.2	 	 	 	 	 
geharnischt	1890	1791	compare	4	4	4	4	4	4	 	 	 	 	 
Feder	1889	1858	later	2	1	1	1	3	1.6	 	 	 	 	 
Feine	1776	1884	compare	2	1	1	1	1	1.2	 	 	 	 	 
Reichstag	1786	1786	earlier	4	3	4	4	4	3.8	 	 	 	 	 
locker	1781	1889	compare	4	4	2	3	2	3	 	 	 	 	 
Anstalt	1796	1794	earlier	1	1	1	1	1	1	 	 	 	 	 
Anstellung	1868	1866	later	3	3	3	4	1	2.8	 	 	 	 	 
Anstalt	1783	1769	earlier	3	1	2	2	1	1.8	 	 	 	 	 
Kinderstube	1787	1760	earlier	3	4	3	4	4	3.6	 	 	 	 	 
Donnerwetter	1871	1889	later	2	2	1	1	1	1.4	 	 	 	 	 
Feder	1867	1885	later	2	1	1	1	1	1.2	 	 	 	 	 
Vorwort	1764	1764	earlier	4	4	4	4	4	4	 	 	 	 	 
Abend	1780	1785	earlier	4	4	4	4	4	4	 	 	 	 	 
Vorwort	1885	1884	later	4	4	4	4	4	4	 	 	 	 	 
Vorwort	1856	1898	later	4	4	4	4	4	4	 	 	 	 	 
Anstalt	1797	1796	earlier	1	1	1	1	1	1	 	 	 	 	 
Motiv	1787	1797	earlier	4	4	3	4	3	3.6	 	 	 	 	 
Museum	1764	1791	earlier	4	4	4	4	4	4	 	 	 	 	 
Museum	1890	1865	later	1	1	4	4	4	2.8	Satz 1: Museen ist eine Art Musaceen (?!) Pflanze	 	 	 	 
englisch	1864	1873	later	4	3	2	4	4	3.4	 	 	 	 	 
Presse	1775	1756	earlier	4	3	2	3	3	3	 	 	 	 	 
Feder	1854	1851	later	4	4	1	4	3	3.2	 	 	 	 	 
packen	1776	1897	compare	4	3	3	3	3	3.2	 	 	 	 	 
billig	1885	1886	later	4	4	4	4	4	4	 	 	 	 	 
billig	1789	1884	compare	1	1	1	0	0	1	 	 	 	zwei verschiedene Wörter	Falsche Lemmatisierung in Satz 1. Hier wurde das Verb zugeordnet, nicht das gesuchte Adjektiv.
Bilanz	1758	1767	earlier	0	0	1	0	0	0	 	In Satz 2 nicht weiter definiert	 	zu wenig Kontext	aus Satz 2 geht nicht hervor, was Bilanz bedeutet.
flott	1789	1893	compare	2	1	1	0	0	1.3333333333	 	 	 	zwei verschiedene Wörter	Vermutlich falsche Lemmatisierung in Satz 2. 
Zufall	1852	1871	later	4	4	4	4	4	4	 	 	 	 	 
englisch	1794	1769	earlier	4	4	3	4	4	3.8	 	 	 	 	 
Vorwort	1764	1764	earlier	4	4	4	4	4	4	 	 	 	 	 
Vorwort	1872	1890	later	4	4	4	4	4	4	 	 	 	 	 
Anstellung	1868	1892	later	2	1	1	1	1	1.2	 	 	 	 	 
billig	1751	1766	earlier	4	1	4	3	2	2.8	 	 	 	 	 
Anstellung	1876	1757	compare	3	1	2	1	2	1.8	 	 	 	 	 
Anstellung	1781	1865	compare	3	4	3	4	3	3.4	 	 	 	 	 
packen	1869	1864	later	4	4	4	4	4	4	 	 	 	 	 
flott	1893	1879	later	2	1	1	0	0	1.3333333333	 	 	 	zwei verschiedene Wörter	Falsche Lemmatisierung in Satz 1.
englisch	1760	1777	earlier	4	2	3	4	4	3.4	 	 	 	 	 
Presse	1766	1759	earlier	2	1	3	2	1	1.8	 	 	 	 	 
Reichstag	1790	1786	earlier	4	3	3	3	4	3.4	 	 	 	 	 
Feine	1879	1882	later	3	3	1	1	2	2	 	 	 	 	 
technisch	1851	1853	later	4	4	4	3	3	3.6	 	 	 	 	 
geharnischt	1769	1797	earlier	2	4	3	3	4	3.2	Satz 2: geharnischt ist empört/wütend (?!)	 	 	 	 
Kinderstube	1787	1787	earlier	3	2	4	3	3	3	 	 	 	 	 
Abend	1780	1780	earlier	4	2	4	2	2	2.8	 	 	 	 	 
Zufall	1791	1776	earlier	1	1	1	2	4	1.8	Satz 1: Zufall ist Anfall	 	 	 	 
Feder	1772	1894	compare	2	1	2	1	3	1.8	 	 	 	 	 
Vorwort	1858	1889	later	3	4	4	4	4	3.8	 	 	 	 	 
technisch	1795	1792	earlier	4	1	3	3	4	3	 	 	 	 	 
Feder	1773	1885	compare	2	1	1	1	2	1.4	 	 	 	 	 
Abend	1852	1864	later	4	4	4	4	4	4	 	 	 	 	 
Kinderstube	1787	1795	earlier	3	2	2	3	0	2.5	 	 	 	 	Kontext in Satz 2 nicht klar. 
Feine	1762	1753	earlier	3	1	1	1	3	1.8	 	 	 	 	 
Vorwort	1890	1764	compare	2	2	1	1	1	1.4	 	 	 	 	 
flott	1893	1854	later	2	1	1	0	0	1.3333333333	 	 	 	zwei verschiedene Wörter	Falsche Lemmatisierung in Satz 1. 
Museum	1794	1794	earlier	4	3	4	4	0	3.75	 	 	 	 	Keine Bedeutung in Satz 1 erschließbar.
Anstalt	1872	1780	compare	0	2	3	2	2	2.25	Satz 2 zu wenig Kontext	 	 	 	 
Vorwort	1758	1764	earlier	3	1	1	1	3	1.8	 	 	 	 	 
Anstalt	1783	1792	earlier	4	1	3	4	4	3.2	 	 	 	 	 
Donnerwetter	1784	1779	earlier	2	4	4	2	3	3	 	 	 	 	 
Presse	1790	1777	earlier	2	3	3	3	2	2.6	 	 	 	 	 
Steckenpferd	1895	1763	compare	3	2	2	3	4	2.8	 	 	 	 	 
Feder	1867	1866	later	4	4	4	4	4	4	 	 	 	 	 
Bilanz	1867	1767	compare	0	0	1	4	4	3	nicht festlegbar	In Satz 2 zwei mögliche Bedeutungen	 	 	 
Anstellung	1868	1878	later	4	4	4	4	4	4	 	 	 	 	 
Presse	1896	1756	compare	4	3	3	4	3	3.4	 	 	 	 	 
Presse	1868	1870	later	4	4	4	4	4	4	 	 	 	 	 
geharnischt	1889	1882	later	4	4	2	4	4	3.6	 	 	 	 	 
Anstellung	1881	1876	later	3	1	1	1	2	1.6	 	 	 	 	 
Anstellung	1799	1791	earlier	3	1	3	4	3	2.8	 	 	 	 	 
Kinderstube	1853	1775	compare	4	4	4	4	4	4	 	 	 	 	 
Feder	1797	1796	earlier	2	1	1	1	4	1.8	 	 	 	 	 
Zufall	1869	1879	later	4	4	4	4	4	4	 	 	 	 	 
flott	1779	1756	earlier	3	4	4	4	2	3.4	 	 	 	 	 
Feder	1797	1789	earlier	0	1	1	0	0	0	nicht festlegbar	 	 	zwei verschiedene Wörter	In Satz 2 scheint Feder ein Eigenname zu sein. Falsche Lemmatisierung.
Anstalt	1774	1870	compare	1	1	1	1	1	1	 	 	 	 	 
Kinderstube	1873	1787	compare	4	2	4	3	4	3.4	 	 	 	 	 
Bilanz	1775	1794	earlier	0	4	2	3	4	3.25	Satz 2 zu wenig Kontext	 	 	 	 
flott	1796	1780	earlier	4	4	4	4	4	4	 	 	 	 	 
Motiv	1796	1774	earlier	0	1	3	0	0	0	Satz 1 zu wenig Kontext	 	 	zwei verschiedene Wörter	Fremdsprachlicher Beleg von Motiv in Satz 1. 
Zufall	1883	1876	later	4	4	3	4	4	3.8	 	 	 	 	 
Anstellung	1791	1791	earlier	4	1	3	4	4	3.2	 	 	 	 	 
Abend	1865	1855	later	4	4	4	4	4	4	 	 	 	 	 
Steckenpferd	1894	1791	compare	4	1	4	1	3	2.6	 	 	 	 	 
Bilanz	1899	1851	later	4	4	4	3	4	3.8	 	 	 	 	 
Reichstag	1787	1876	compare	4	3	4	3	4	3.6	 	 	 	 	 
Zufall	1776	1756	earlier	4	4	3	4	4	3.8	 	 	 	 	 
Feder	1867	1777	compare	2	4	3	4	3	3.2	 	 	 	 	 
Motiv	1855	1795	compare	3	1	4	3	3	2.8	 	 	 	 	 
Anstalt	1871	1868	later	3	4	4	3	4	3.6	 	 	 	 	 
locker	1799	1788	earlier	4	2	2	3	3	2.8	 	 	 	 	 
englisch	1867	1865	later	4	2	3	3	4	3.2	 	 	 	 	 
Vorwort	1764	1764	earlier	4	4	4	4	4	4	 	 	 	 	 
geharnischt	1783	1787	earlier	4	4	3	4	4	3.8	 	 	 	 	 
geharnischt	1794	1753	earlier	4	4	3	4	4	3.8	 	 	 	 	 
Donnerwetter	1897	1852	later	2	1	1	1	1	1.2	 	 	 	 	 
billig	1775	1892	compare	2	1	4	2	2	2.2	 	 	 	 	 
Anstalt	1870	1776	compare	4	1	2	2	4	2.6	 	 	 	 	 
locker	1756	1885	compare	4	2	2	2	3	2.6	 	 	 	 	 
englisch	1894	1891	later	4	4	3	4	4	3.8	 	 	 	 	 
locker	1865	1795	compare	4	3	2	4	3	3.2	 	 	 	 	 
Reichstag	1876	1786	compare	4	3	4	3	4	3.6	 	 	 	 	 
Museum	1855	1863	later	4	4	4	4	4	4	 	 	 	 	 
Kinderstube	1853	1790	compare	3	2	3	4	4	3.2	 	 	 	 	 
technisch	1792	1792	earlier	4	4	4	3	4	3.8	 	 	 	 	 
Museum	1779	1787	earlier	4	1	4	3	4	3.2	 	 	 	 	 
Anstellung	1876	1799	compare	4	1	4	4	3	3.2	 	 	 	 	 
Kinderstube	1894	1771	compare	4	4	4	4	4	4	 	 	 	 	 
Vorwort	1764	1764	earlier	4	4	1	4	4	3.4	 	 	 	 	 
packen	1855	1780	compare	4	4	3	3	4	3.6	 	 	 	 	 
Feder	1752	1767	earlier	2	1	1	1	3	1.6	 	 	 	 	 
locker	1852	1875	later	4	2	2	2	3	2.6	 	 	 	 	 
Abend	1860	1764	compare	4	2	4	4	4	3.6	 	 	 	 	 
Reichstag	1898	1786	compare	4	4	4	3	4	3.8	 	 	 	 	 
Anstalt	1781	1796	earlier	3	4	4	3	2	3.2	 	 	 	 	 
technisch	1863	1781	compare	4	4	2	3	3	3.2	 	 	 	 	 
geharnischt	1794	1753	earlier	4	4	4	4	3	3.8	 	 	 	 	 
locker	1771	1777	earlier	3	1	2	2	3	2.2	 	 	 	 	 
Museum	1859	1764	compare	4	4	4	2	4	3.6	 	 	 	 	 
Motiv	1795	1777	earlier	4	4	4	3	4	3.8	 	 	 	 	 
Presse	1868	1882	later	3	4	4	4	4	3.8	 	 	 	 	 
englisch	1776	1769	earlier	4	1	2	1	1	1.8	 	 	 	 	 
englisch	1879	1779	compare	4	3	2	4	4	3.4	 	 	 	 	 
technisch	1798	1899	compare	4	2	3	3	4	3.2	 	 	 	 	 
Abend	1864	1884	later	4	2	3	2	4	3	 	 	 	 	 
billig	1890	1790	compare	0	1	1	2	0	1.3333333333	Satz 2 zu wenig Kontext	 	 	 	Bedeutung von billig in Satz 2 nicht erschließbar.
Feder	1867	1895	later	2	1	1	1	1	1.2	 	 	 	 	 
Anstalt	1778	1788	earlier	1	1	1	2	4	1.8	 	 	 	 	 
Presse	1773	1762	earlier	2	3	1	1	1	1.6	 	 	 	 	 
Zufall	1759	1796	earlier	4	3	4	4	4	3.8	 	 	 	 	 
Feder	1884	1858	later	4	4	4	4	4	4	 	 	 	 	 
Presse	1756	1798	earlier	2	3	2	3	1	2.2	 	 	 	 	 
technisch	1856	1890	later	4	3	3	4	4	3.6	 	 	 	 	 
packen	1778	1796	earlier	4	4	4	4	3	3.8	 	 	 	 	 
Steckenpferd	1776	1774	earlier	2	2	2	1	3	2	 	 	 	 	 
Bilanz	1885	1867	later	4	4	4	4	4	4	 	 	 	 	 
Kinderstube	1871	1760	compare	3	3	3	3	4	3.2	 	 	 	 	 
Steckenpferd	1777	1894	compare	3	4	1	4	3	3	 	 	 	 	 
Reichstag	1882	1792	compare	4	3	3	3	0	3.25	 	 	 	 	Bedeutung von Reichstag in Satz 1 nicht eindeutig festzulegen.
Steckenpferd	1792	1795	earlier	2	1	1	1	3	1.6	 	 	 	 	 
Reichstag	1876	1758	compare	3	3	4	3	4	3.4	 	 	 	 	 
Steckenpferd	1898	1894	later	4	4	4	4	4	4	 	 	 	 	 
geharnischt	1890	1882	later	2	4	2	1	0	2.25	 	 	 	 	Bedeutung von geharnischt in Satz 2 nicht eindeutig festzulegen.
Donnerwetter	1875	1786	compare	2	1	1	1	1	1.2	 	 	 	 	 
Kinderstube	1876	1864	later	3	1	4	4	4	3.2	 	 	 	 	 
geharnischt	1791	1778	earlier	4	4	4	4	4	4	 	 	 	 	 
Vorwort	1764	1852	compare	2	1	4	1	1	1.8	 	 	 	 	 
Vorwort	1764	1771	earlier	4	4	4	4	4	4	 	 	 	 	 
Anstalt	1868	1775	compare	3	1	3	1	3	2.2	 	 	 	 	 
Feine	1756	1755	earlier	3	1	3	2	2	2.2	 	 	 	 	 
Feine	1897	1895	later	4	2	3	3	2	2.8	 	 	 	 	 
geharnischt	1763	1854	compare	2	1	2	3	2	2	 	 	 	 	 
Reichstag	1792	1786	earlier	4	4	4	4	4	4	 	 	 	 	 
Feder	1791	1789	earlier	4	2	2	3	4	3	 	 	 	 	 
Anstellung	1781	1785	earlier	3	1	2	1	2	1.8	 	 	 	 	 
Motiv	1887	1795	compare	4	1	2	1	1	1.8	 	 	 	 	 
englisch	1759	1799	earlier	4	3	4	0	4	3.75	 	 	 	unklarer Kontext	 
locker	1756	1889	compare	4	2	2	2	3	2.6	 	 	 	 	 
Feder	1796	1750	earlier	4	4	4	3	4	3.8	 	 	 	 	 
Anstellung	1896	1885	later	4	4	4	4	4	4	 	 	 	 	 
geharnischt	1778	1890	compare	4	4	4	4	4	4	 	 	 	 	 
flott	1792	1893	compare	2	1	1	0	0	1.3333333333	 	 	 	zwei verschiedene Wörter	fFalsche Lemmatisierung von Flotte in Satz 2.
Motiv	1879	1896	later	0	4	4	1	4	3.25	Satz 2 zu wenig Kontext	 	 	 	 
Donnerwetter	1777	1796	earlier	4	4	4	4	4	4	 	 	 	 	 
Motiv	1895	1777	compare	3	1	1	1	2	1.6	 	 	 	 	 
Feder	1751	1769	earlier	4	3	2	2	4	3	 	 	 	 	 
englisch	1870	1767	compare	4	4	3	4	4	3.8	 	 	 	 	 
Bilanz	1867	1758	compare	4	4	3	3	4	3.6	 	 	 	 	 
geharnischt	1792	1795	earlier	4	4	4	4	4	4	 	 	 	 	 
Vorwort	1899	1789	compare	3	1	3	2	3	2.4	 	 	 	 	 
Reichstag	1878	1894	later	4	4	4	3	4	3.8	 	 	 	 	 
Vorwort	1855	1764	compare	2	2	1	1	1	1.4	 	 	 	 	 
Vorwort	1855	1887	later	4	4	4	4	4	4	 	 	 	 	 
Anstellung	1885	1897	later	4	4	4	4	4	4	 	 	 	 	 
billig	1754	1756	earlier	4	3	2	2	3	2.8	angemessen	 	 	 	 
Reichstag	1786	1876	compare	3	4	4	4	4	3.8	 	 	 	 	 
Abend	1794	1760	earlier	4	4	4	4	4	4	 	 	 	 	 
packen	1869	1866	later	4	4	4	4	4	4	 	 	 	 	 
Steckenpferd	1791	1889	compare	0	0	0	0	0	0	Satz 2 zu wenig Kontext	Kein erkennbarer Kontext in Satz 2	Bedeutung in Satz 2 nicht erschliessbar	zu wenig Kontext	Bedeutung von Steckenpferd in Satz 2 nicht erschließbar.
locker	1875	1850	later	4	3	2	3	3	3	 	 	 	 	 
Steckenpferd	1792	1796	earlier	3	4	1	4	3	3	 	 	 	 	 
technisch	1870	1797	compare	4	1	2	3	3	2.6	 	 	 	 	 
geharnischt	1788	1763	earlier	2	3	2	3	2	2.4	 	 	 	 	 
Feder	1894	1782	compare	0	0	4	0	0	0	Satz 2 zu wenig Kontext	Kein erkennbarer Kontext in Satz 2	 	zu wenig Kontext	Bedeutung von Feder in Satz 2 nicht eindeutig erschließbar.
Steckenpferd	1871	1899	later	4	4	4	4	4	4	 	 	 	 	 
Anstellung	1799	1793	earlier	3	1	2	2	3	2.2	 	 	 	 	 
Vorwort	1771	1767	earlier	4	4	4	4	4	4	 	 	 	 	 
billig	1896	1792	compare	0	1	1	1	1	1	Satz 2 zu wenig Kontext	 	 	 	 
packen	1772	1783	earlier	2	1	2	1	0	1.5	 	 	 	 	Lemmatisierung von packen in Satz 1 falsch.
Abend	1893	1776	compare	4	3	4	4	4	3.8	 	 	 	 	 
Bilanz	1794	1855	compare	0	1	3	2	3	2.25	Satz 1 zu wenig Kontext	 	 	 	 
Feine	1756	1756	earlier	4	4	4	3	4	3.8	 	 	 	 	 
Vorwort	1888	1898	later	4	1	4	4	0	3.25	 	 	 	 	Bedeutung von Vorwort in Satz 1 nicht eindeutig erschließbar.
Museum	1782	1783	earlier	4	3	4	0	4	3.75	 	 	 	unklarer Kontext	 
locker	1869	1864	later	3	2	2	3	3	2.6	 	 	 	 	 
Motiv	1796	1885	compare	4	4	4	4	4	4	 	 	 	 	 
Motiv	1794	1789	earlier	4	4	4	4	4	4	 	 	 	 	 
Presse	1895	1868	later	4	4	4	4	4	4	 	 	 	 	 
Abend	1776	1864	compare	3	2	4	2	4	3	 	 	 	 	 
flott	1895	1779	compare	3	1	2	1	3	2	 	 	 	 	 
Presse	1869	1868	later	4	4	3	4	4	3.8	 	 	 	 	 
Vorwort	1764	1889	compare	2	2	1	1	1	1.4	 	 	 	 	 
geharnischt	1889	1753	compare	4	1	4	1	4	2.8	 	 	 	 	 
technisch	1781	1787	earlier	4	2	4	2	4	3.2	 	 	 	 	 
flott	1874	1865	later	3	1	3	1	2	2	 	 	 	 	 
technisch	1853	1886	later	3	1	3	2	2	2.2	 	 	 	 	 
Zufall	1868	1855	later	4	4	4	4	4	4	 	 	 	 	 
billig	1897	1868	later	2	1	1	1	1	1.2	 	 	 	 	 
flott	1792	1783	earlier	3	2	3	0	0	2.6666666667	 	 	 	zwei verschiedene Wörter	Flott in beiden Sätzen falsch lemmatisiert. Links ist es ein Substantiv, rechts offensichtlich ein 
Reichstag	1767	1786	earlier	4	4	3	3	4	3.6	 	 	 	 	 
billig	1792	1786	earlier	4	4	4	3	3	3.6	 	 	 	 	 
packen	1882	1883	later	4	2	3	4	4	3.4	 	 	 	 	 
Bilanz	1881	1872	later	4	2	4	3	4	3.4	 	 	 	 	 
technisch	1867	1793	compare	4	4	3	2	3	3.2	 	 	 	 	 
Abend	1797	1767	earlier	4	4	4	4	4	4	 	 	 	 	 
englisch	1757	1792	earlier	0	2	3	0	3	2.6666666667	Satz 1 zu wenig Kontext	 	 	unklarer Kontext	 
Anstalt	1780	1782	earlier	4	1	4	1	1	2.2	 	 	 	 	 
flott	1871	1795	compare	3	1	3	1	2	2	 	 	 	 	 
Motiv	1889	1886	later	4	1	4	4	3	3.2	 	 	 	 	 
Abend	1854	1860	later	4	4	4	4	4	4	 	 	 	 	 
flott	1852	1880	later	3	1	3	2	2	2.2	 	 	 	 	 
Donnerwetter	1875	1889	later	3	1	3	2	2	2.2	 	 	 	 	 
Museum	1779	1778	earlier	4	3	4	4	4	3.8	 	 	 	 	 
Presse	1894	1868	later	4	4	4	4	4	4	 	 	 	 	 
locker	1863	1894	later	3	2	3	3	4	3	 	 	 	 	 
technisch	1781	1792	earlier	4	1	3	3	3	2.8	 	 	 	 	 
Museum	1896	1788	compare	4	3	4	4	4	3.8	 	 	 	 	 
Presse	1889	1889	later	2	1	1	1	1	1.2	 	 	 	 	 
Bilanz	1894	1893	later	4	2	4	3	4	3.4	 	 	 	 	 
Feine	1899	1897	later	2	1	1	1	1	1.2	 	 	 	 	 
flott	1780	1893	compare	2	2	1	0	0	1.6666666667	 	 	 	zwei verschiedene Wörter	In Satz 2 ist flott falsch lemmatisiert.
Motiv	1857	1855	later	4	1	3	4	3	3	 	 	 	 	 
Steckenpferd	1790	1779	earlier	4	1	2	2	1	2	 	 	 	 	 
Kinderstube	1898	1871	later	3	2	3	3	2	2.6	 	 	 	 	 
flott	1778	1780	earlier	4	4	4	4	4	4	 	 	 	 	 
Feine	1887	1756	compare	3	2	4	2	3	2.8	 	 	 	 	 
flott	1776	1779	earlier	2	1	1	1	1	1.2	 	 	 	 	 
Museum	1764	1799	earlier	4	3	4	4	4	3.8	 	 	 	 	 
Anstellung	1899	1898	later	4	4	4	4	4	4	 	 	 	 	 
Abend	1787	1773	earlier	4	4	3	3	4	3.6	 	 	 	 	 
Donnerwetter	1784	1789	earlier	4	3	4	3	4	3.6	 	 	 	 	 
Anstellung	1790	1894	compare	4	3	4	4	4	3.8	 	 	 	 	 
Reichstag	1876	1876	later	4	3	3	4	4	3.6	 	 	 	 	 
Reichstag	1773	1787	earlier	4	3	4	3	4	3.6	 	 	 	 	 
Motiv	1789	1786	earlier	4	4	4	4	4	4	 	 	 	 	 
Abend	1780	1894	compare	4	4	4	4	4	4	 	 	 	 	 
locker	1789	1753	earlier	4	3	3	4	3	3.4	 	 	 	 	 
englisch	1776	1889	compare	4	1	4	1	1	2.2	 	 	 	 	 
Museum	1791	1764	earlier	4	4	3	4	4	3.8	 	 	 	 	 
Donnerwetter	1784	1889	compare	3	1	3	1	1	1.8	 	 	 	 	 
technisch	1792	1788	earlier	4	4	2	3	3	3.2	 	 	 	 	 
Zufall	1873	1865	later	4	4	4	4	4	4	 	 	 	 	 
geharnischt	1795	1882	compare	2	1	2	1	1	1.4	 	 	 	 	 
locker	1771	1869	compare	4	4	4	4	4	4	 	 	 	 	 
Donnerwetter	1784	1751	earlier	4	4	4	3	3	3.6	 	 	 	 	 
geharnischt	1854	1797	compare	4	4	4	3	4	3.8	 	 	 	 	 
Feine	1756	1895	compare	2	1	3	3	3	2.4	 	 	 	 	 
Anstalt	1779	1785	earlier	1	3	1	2	1	1.6	 	 	 	 	 
englisch	1774	1784	earlier	3	2	3	0	3	2.75	 	 	 	unklarer Kontext Satz 1	 
Zufall	1863	1875	later	4	3	4	4	4	3.8	 	 	 	 	 
locker	1795	1798	earlier	4	2	3	4	3	3.2	 	 	 	 	 
geharnischt	1882	1890	later	2	1	3	1	1	1.6	 	 	 	 	 
Zufall	1858	1789	compare	4	4	4	3	4	3.8	 	 	 	 	 
Museum	1778	1794	earlier	4	2	4	4	0	3.5	 	 	 	 	Bedeutung von Museum in Satz 2 nicht anhand des Kontexts erschließbar.
Reichstag	1787	1876	compare	4	3	3	2	4	3.2	 	 	 	 	 
Steckenpferd	1785	1767	earlier	4	4	4	4	4	4	 	 	 	 	 
Steckenpferd	1860	1899	later	2	3	1	2	2	2	 	 	 	 	 
packen	1775	1869	compare	2	1	2	1	0	1.5	 	 	 	 	Packen in Satz 1 falsch lemmatisiert.
Museum	1791	1764	earlier	4	3	4	4	4	3.8	 	 	 	 	 
geharnischt	1785	1861	compare	3	1	2	1	1	1.6	 	 	 	 	 
Vorwort	1881	1878	later	4	4	4	4	4	4	 	 	 	 	 
Abend	1856	1792	compare	4	4	4	3	4	3.8	 	 	 	 	 
englisch	1760	1878	compare	4	3	4	1	4	3.2	 	 	 	 	 
Donnerwetter	1776	1757	earlier	2	2	4	2	3	2.6	 	 	 	 	 
Anstalt	1786	1868	compare	4	1	2	2	3	2.4	 	 	 	 	 
Kinderstube	1790	1778	earlier	3	3	3	3	4	3.2	 	 	 	 	 
Donnerwetter	1899	1862	later	2	1	1	1	4	1.8	 	 	 	 	 
Presse	1896	1774	compare	2	2	3	3	4	2.8	 	 	 	 	 
Donnerwetter	1784	1784	earlier	4	4	4	4	4	4	 	 	 	 	 
Motiv	1792	1795	earlier	4	4	4	4	4	4	 	 	 	 	 
Presse	1774	1792	earlier	4	4	4	4	4	4	 	 	 	 	 
Vorwort	1794	1764	earlier	2	1	1	1	1	1.2	 	 	 	 	 
Abend	1774	1750	earlier	4	4	4	3	4	3.8	 	 	 	 	 
Feder	1772	1867	compare	2	1	1	1	2	1.4	 	 	 	 	 
Vorwort	1764	1764	earlier	4	4	1	4	4	3.4	 	 	 	 	 
locker	1878	1866	later	4	3	3	4	3	3.4	 	 	 	 	 
Zufall	1756	1871	compare	4	4	4	4	4	4	 	 	 	 	 
packen	1857	1854	later	4	3	3	4	4	3.6	 	 	 	 	 
Anstellung	1799	1783	earlier	4	4	4	4	4	4	 	 	 	 	 
Motiv	1796	1791	earlier	4	2	4	4	3	3.4	 	 	 	 	 
Presse	1899	1789	compare	4	2	2	1	2	2.2	 	 	 	 	 
Motiv	1858	1877	later	4	4	4	4	2	3.6	 	 	 	 	 
Anstalt	1866	1857	later	2	2	1	1	1	1.4	 	 	 	 	 
Museum	1867	1855	later	4	3	4	4	4	3.8	 	 	 	 	 
Motiv	1793	1877	compare	4	1	4	3	3	3	 	 	 	 	 
Anstellung	1868	1791	compare	3	1	3	4	1	2.4	 	 	 	 	 
billig	1792	1755	earlier	4	3	4	4	2	3.4	angemessen	 	 	 	 
Zufall	1791	1854	compare	1	1	1	1	1	1	 	 	 	 	 
Abend	1780	1783	earlier	3	3	3	3	2	2.8	 	 	 	 	 
Abend	1779	1867	compare	4	4	4	4	4	4	 	 	 	 	 
Donnerwetter	1784	1861	compare	2	1	1	1	1	1.2	 	 	 	 	 
flott	1895	1861	later	2	1	1	1	1	1.2	 	 	 	 	 
Bilanz	1796	1860	compare	3	2	4	3	1	2.6	 	 	 	 	 
billig	1762	1895	compare	1	1	3	1	3	1.8	 	 	 	 	 
Anstellung	1799	1792	earlier	4	1	4	4	4	3.4	 	 	 	 	 
flott	1893	1893	later	4	2	4	4	0	3.5	 	 	 	 	Falsche Lemmatisierung in Satz 1 und 2. 
billig	1787	1858	compare	3	3	3	2	2	2.6	 	 	 	 	 
flott	1861	1772	compare	0	1	1	1	0	1	Satz 2 zu wenig Kontext	 	 	 	In Satz 2 handelt es sich um einen teilweise fremdsprachlichen Beleg. Vermutlich falsche Lemmatisier
Feine	1756	1897	compare	2	1	2	2	1	1.6	 	 	 	 	 
Motiv	1887	1873	later	4	4	4	4	3	3.8	 	 	 	 	 
locker	1776	1890	compare	4	2	2	3	2	2.6	 	 	 	 	 
Anstellung	1756	1757	earlier	4	1	4	4	1	2.8	 	 	 	 	 
Reichstag	1876	1878	later	3	4	4	2	3	3.2	 	 	 	 	 
englisch	1777	1791	earlier	3	2	3	4	3	3	 	 	 	 	 
billig	1899	1876	later	4	4	3	4	3	3.6	 	 	 	 	 
Anstalt	1799	1868	compare	3	1	3	2	1	2	 	 	 	 	 
Zufall	1871	1853	later	4	4	4	4	4	4	 	 	 	 	 
billig	1896	1873	later	2	1	1	1	1	1.2	Satz 2 billig ist angemessen	 	 	 	 
Zufall	1786	1791	earlier	1	4	1	2	1	1.8	 	 	 	 	 
locker	1889	1782	compare	4	3	3	3	3	3.2	 	 	 	 	 
Bilanz	1894	1899	later	4	3	4	3	3	3.4	 	 	 	 	 
Anstalt	1780	1861	compare	1	1	1	2	3	1.6	 	 	 	 	 
geharnischt	1855	1792	compare	4	3	3	3	4	3.4	 	 	 	 	 
Feine	1769	1853	compare	3	1	1	1	2	1.6	 	 	 	 	 
Motiv	1795	1799	earlier	4	2	2	3	2	2.6	 	 	 	 	 
Anstellung	1779	1792	earlier	4	1	3	1	1	2	 	 	 	 	 
Zufall	1789	1873	compare	4	2	1	2	3	2.4	 	 	 	 	 
packen	1882	1779	compare	4	1	2	1	3	2.2	 	 	 	 	 
Motiv	1796	1851	compare	4	1	1	0	4	2.5	 	 	 	zu wenig Kontext	 
englisch	1889	1858	later	4	3	3	3	4	3.4	 	 	 	 	 
Donnerwetter	1796	1862	compare	3	4	4	0	4	3.75	 	 	 	zu wenig Kontext	 
Feine	1854	1879	later	3	3	2	1	1	2	 	 	 	 	 
Vorwort	1764	1771	earlier	2	1	1	1	1	1.2	 	 	 	 	 
englisch	1871	1891	later	4	3	3	3	4	3.4	 	 	 	 	 
Motiv	1789	1790	earlier	4	4	3	3	4	3.6	 	 	 	 	 
Presse	1780	1753	earlier	2	1	1	1	1	1.2	 	 	 	 	 
Anstalt	1778	1754	earlier	1	1	4	0	0	2	 	 	 	zu wenig Kontext	Kontext in Satz 2 uneindeutig.
billig	1898	1792	compare	3	4	1	4	1	2.6	 	 	 	 	 
geharnischt	1753	1874	compare	4	4	4	4	4	4	 	 	 	 	 
Vorwort	1858	1773	compare	3	1	2	2	1	1.8	 	 	 	 	 
Steckenpferd	1788	1860	compare	4	4	1	4	4	3.4	 	 	 	 	 
locker	1859	1875	later	3	1	1	3	2	2	 	 	 	 	 
Kinderstube	1778	1869	compare	3	1	3	3	4	2.8	 	 	 	 	 
Motiv	1789	1868	compare	4	4	2	4	2	3.2	 	 	 	 	 
Donnerwetter	1767	1784	earlier	3	4	3	2	4	3.2	 	 	 	 	 
technisch	1894	1781	compare	4	3	3	3	3	3.2	 	 	 	 	 
Donnerwetter	1893	1889	later	4	1	4	4	4	3.4	 	 	 	 	 
Feine	1852	1766	compare	3	2	1	1	3	2	 	 	 	 	 
Museum	1764	1872	compare	4	4	4	4	4	4	 	 	 	 	 
Donnerwetter	1784	1792	earlier	4	2	4	3	4	3.4	 	 	 	 	 
geharnischt	1753	1773	earlier	4	4	3	3	4	3.6	 	 	 	 	 
Feine	1766	1767	earlier	2	2	1	2	2	1.8	 	 	 	 	 
Motiv	1784	1792	earlier	4	1	4	4	3	3.2	 	 	 	 	 
Bilanz	1894	1882	later	4	1	3	3	3	2.8	 	 	 	 	 
geharnischt	1882	1882	later	3	4	4	3	4	3.6	 	 	 	 	 
locker	1879	1789	compare	4	2	3	3	3	3	 	 	 	 	 
flott	1778	1886	compare	2	1	2	1	1	1.4	 	 	 	 	 
Bilanz	1885	1768	compare	4	2	2	2	1	2.2	 	 	 	 	 
technisch	1792	1792	earlier	4	3	2	3	4	3.2	 	 	 	 	 
Museum	1793	1855	compare	0	2	4	2	3	2.75	Satz 1 zu wenig Kontext	 	 	 	 
Motiv	1787	1792	earlier	4	4	3	0	0	3.6666666667	 	 	 	andere Sprache	Fremdsprachlicher Beleg in Satz 2.
englisch	1766	1866	compare	4	2	3	4	4	3.4	 	 	 	 	 
Anstellung	1899	1792	compare	4	1	3	4	2	2.8	 	 	 	 	 
locker	1867	1865	later	4	2	3	4	4	3.4	 	 	 	 	 
Zufall	1775	1771	earlier	4	2	1	2	1	2	 	 	 	 	 
locker	1754	1864	compare	4	2	3	3	3	3	 	 	 	 	 
Zufall	1777	1779	earlier	4	1	1	2	1	1.8	 	 	 	 	 
technisch	1795	1781	earlier	4	2	3	4	3	3.2	 	 	 	 	 
Zufall	1872	1796	compare	4	4	2	2	4	3.2	 	 	 	 	 
technisch	1884	1889	later	4	2	3	2	4	3	 	 	 	 	 
Presse	1752	1898	compare	4	1	1	1	2	1.8	 	 	 	 	 
Museum	1855	1798	compare	4	3	4	0	4	3.75	 	 	 	zu wenig Kontext	 
Anstalt	1795	1767	earlier	4	4	4	4	4	4	 	 	 	 	 
Steckenpferd	1871	1855	later	4	4	3	3	4	3.6	 	 	 	 	 
Steckenpferd	1786	1779	earlier	3	2	2	1	4	2.4	 	 	 	 	 
packen	1799	1869	compare	3	1	2	1	2	1.8	 	 	 	 	 
Motiv	1850	1881	later	4	1	1	1	2	1.8	 	 	 	 	 
locker	1862	1798	compare	4	2	2	2	3	2.6	 	 	 	 	 
flott	1779	1756	earlier	4	4	4	4	3	3.8	 	 	 	 	 
Feder	1867	1784	compare	4	4	4	4	4	4	 	 	 	 	 
Motiv	1893	1792	compare	3	1	1	1	2	1.6	 	 	 	 	 
Kinderstube	1787	1898	compare	3	2	3	4	4	3.2	 	 	 	 	 
Bilanz	1885	1893	later	4	4	4	4	4	4	 	 	 	 	 
Motiv	1795	1790	earlier	4	4	4	2	4	3.6	 	 	 	 	 
Motiv	1855	1867	later	3	1	1	1	1	1.4	 	 	 	 	 
Motiv	1851	1878	later	4	4	1	1	1	2.2	 	 	 	 	 
Feine	1752	1897	compare	3	2	1	1	2	1.8	 	 	 	 	 
Museum	1764	1855	compare	3	3	3	3	4	3.2	 	 	 	 	 
Abend	1857	1785	compare	4	2	4	4	4	3.6	 	 	 	 	 
locker	1776	1771	earlier	3	1	2	3	1	2	 	 	 	 	 
Museum	1799	1794	earlier	0	4	3	0	0	0	Satz 1 zu wenig Kontext	 	 	zu wenig Kontext	Satz 1 uneindeutig.
Motiv	1789	1878	compare	4	4	1	0	0	3	 	 	 	unklarer Kontext	Satz 2 uneindeutig.
Zufall	1861	1853	later	4	3	4	2	4	3.4	 	 	 	 	 
Feder	1777	1751	earlier	2	1	1	1	1	1.2	 	 	 	 	 
Donnerwetter	1882	1883	later	4	4	4	4	4	4	 	 	 	 	 
englisch	1867	1858	later	3	3	3	4	3	3.2	 	 	 	 	 
Kinderstube	1869	1873	later	3	4	4	4	4	3.8	 	 	 	 	 
Reichstag	1882	1786	compare	4	3	3	3	4	3.4	 	 	 	 	 
Abend	1795	1875	compare	4	4	4	4	4	4	 	 	 	 	 
billig	1768	1798	earlier	4	1	3	4	4	3.2	zurecht	 	 	 	 
englisch	1896	1868	later	4	4	4	4	4	4	 	 	 	 	 
Presse	1792	1767	earlier	4	2	3	4	3	3.2	 	 	 	 	 
Anstalt	1780	1750	earlier	1	1	2	1	1	1.2	 	 	 	 	 
locker	1754	1777	earlier	4	2	3	2	3	2.8	 	 	 	 	 
packen	1796	1852	compare	3	1	3	1	2	2	 	 	 	 	 
englisch	1876	1899	later	3	3	3	4	4	3.4	 	 	 	 	 
Bilanz	1855	1877	later	4	3	4	3	4	3.6	 	 	 	 	 
Zufall	1790	1795	earlier	4	1	1	2	2	2	 	 	 	 	 
Motiv	1856	1894	later	4	1	1	0	1	1.75	 	 	 	unklarer Kontext	 
Feine	1897	1895	later	0	3	4	0	0	0	Satz 1 zu wenig Kontext	 	 	unklarer Kontext	Satz 1 uneindeutig.
Presse	1759	1753	earlier	4	4	4	4	4	4	 	 	 	 	 
geharnischt	1791	1753	earlier	4	4	3	4	4	3.8	 	 	 	 	 
Feine	1756	1774	earlier	3	1	3	1	3	2.2	 	 	 	 	 
englisch	1886	1776	compare	4	3	3	4	0	3.5	 	 	 	 	Falsches Wort zugeordnet in Satz 2.
geharnischt	1787	1882	compare	2	1	2	1	1	1.4	 	 	 	 	 
billig	1776	1893	compare	4	4	4	3	3	3.6	angemessen	 	 	 	 
billig	1752	1751	earlier	4	3	4	4	2	3.4	 	 	 	 	 
packen	1866	1897	later	3	1	3	1	2	2	 	 	 	 	 
Abend	1899	1865	later	4	4	4	4	4	4	 	 	 	 	 
Vorwort	1764	1764	earlier	4	4	4	4	4	4	 	 	 	 	 
Museum	1782	1778	earlier	4	4	4	4	4	4	 	 	 	 	 
Presse	1756	1751	earlier	3	3	1	3	2	2.4	 	 	 	 	 
englisch	1862	1767	compare	4	3	3	3	4	3.4	 	 	 	 	 
Reichstag	1786	1754	earlier	4	4	4	3	4	3.8	 	 	 	 	 
Steckenpferd	1796	1869	compare	3	4	4	3	3	3.4	 	 	 	 	 
Anstalt	1793	1787	earlier	2	1	2	1	1	1.4	 	 	 	 	 
Feder	1856	1858	later	2	4	4	1	3	2.8	 	 	 	 	 
Bilanz	1794	1758	earlier	0	4	4	0	0	0	Satz 2 zu wenig Kontext	 	 	zu wenig Kontext	Satz 2 nicht eindeutig.
Feine	1895	1854	later	2	1	1	1	1	1.2	 	 	 	 	 
Donnerwetter	1784	1783	earlier	2	4	4	4	4	3.6	 	 	 	 	 
billig	1870	1869	later	3	1	4	1	2	2.2	 	 	 	 	 
Museum	1855	1894	later	3	3	4	3	4	3.4	 	 	 	 	 
Vorwort	1771	1888	compare	0	2	1	1	1	1.25	Satz 2 zu wenig Kontext	 	 	 	 
Abend	1869	1893	later	4	3	4	4	4	3.8	 	 	 	 	 
locker	1889	1865	later	4	3	3	3	3	3.2	 	 	 	 	 
Donnerwetter	1852	1855	later	4	2	1	2	3	2.4	 	 	 	 	 
Anstalt	1868	1896	later	4	4	3	2	3	3.2	 	 	 	 	 
Museum	1764	1888	compare	4	4	4	0	0	4	 	 	 	zu wenig Kontext	Satz 2 uneindeutig.
technisch	1868	1893	later	4	4	4	0	4	4	Gleicher Satz, nur andere Zeit (bzlg. Rechtschreibung..)	 	 	gleicher Satz	 
Feder	1876	1885	later	2	1	1	1	1	1.2	 	 	 	 	 
Feine	1789	1756	earlier	4	4	4	4	3	3.8	 	 	 	 	 
Abend	1776	1776	earlier	4	4	4	3	4	3.8	 	 	 	 	 
locker	1865	1780	compare	4	2	3	3	3	3	 	 	 	 	 
Steckenpferd	1790	1899	compare	3	1	1	1	1	1.4	 	 	 	 	 
Anstalt	1868	1889	later	4	4	3	4	3	3.6	 	 	 	 	 
Donnerwetter	1855	1889	later	4	1	4	3	2	2.8	 	 	 	 	 
Donnerwetter	1879	1784	compare	2	4	4	2	3	3	 	 	 	 	 
Motiv	1893	1895	later	4	2	3	3	3	3	 	 	 	 	 
Donnerwetter	1889	1858	later	2	1	1	1	1	1.2	 	 	 	 	 
technisch	1792	1898	compare	4	1	2	3	3	2.6	 	 	 	 	 
Reichstag	1790	1876	compare	4	4	4	4	4	4	 	 	 	 	 
Zufall	1857	1885	later	4	2	4	4	3	3.4	 	 	 	 	 
Feine	1857	1899	later	2	1	1	1	1	1.2	 	 	 	 	 
Feine	1756	1774	earlier	2	2	2	1	2	1.8	 	 	 	 	 
flott	1888	1858	later	3	1	1	2	3	2	 	 	 	 	 
technisch	1791	1899	compare	4	1	2	3	3	2.6	 	 	 	 	 
Anstalt	1891	1856	later	4	3	3	3	3	3.2	 	 	 	 	 
locker	1888	1879	later	3	2	3	3	3	2.8	 	 	 	 	 
Reichstag	1757	1878	compare	4	3	3	4	4	3.6	 	 	 	 	 
Steckenpferd	1898	1869	later	0	4	1	0	0	0	Satz 2 zu wenig Kontext	 	 	zu wenig Kontext	Satz 2 ist uneindeutig.
Motiv	1890	1787	compare	4	1	4	2	2	2.6	 	 	 	 	 
Feder	1756	1793	earlier	4	4	4	3	4	3.8	 	 	 	 	 
geharnischt	1854	1872	later	2	4	4	3	3	3.2	 	 	 	 	 
Steckenpferd	1778	1786	earlier	2	1	1	1	1	1.2	 	 	 	 	 
Reichstag	1895	1878	later	4	4	3	2	4	3.4	 	 	 	 	 
Donnerwetter	1871	1861	later	4	1	1	2	1	1.8	 	 	 	 	 
Vorwort	1883	1764	compare	2	2	1	1	1	1.4	 	 	 	 	 
Museum	1872	1876	later	4	3	4	4	3	3.6	 	 	 	 	 
locker	1876	1771	compare	4	2	3	3	3	3	 	 	 	 	 
technisch	1787	1891	compare	4	1	1	1	2	1.8	 	 	 	 	 
englisch	1771	1756	earlier	4	3	3	3	3	3.2	 	 	 	 	 
locker	1856	1792	compare	4	2	2	3	3	2.8	 	 	 	 	 
Vorwort	1898	1764	compare	2	2	1	1	1	1.4	 	 	 	 	 
Steckenpferd	1895	1871	later	4	4	1	3	4	3.2	 	 	 	 	 
Presse	1899	1868	later	2	1	1	1	1	1.2	 	 	 	 	 
Reichstag	1786	1789	earlier	3	4	4	3	4	3.6	 	 	 	 	 
Feine	1895	1850	later	2	1	2	1	1	1.4	 	 	 	 	 
technisch	1799	1793	earlier	4	1	2	2	3	2.4	 	 	 	 	 
Donnerwetter	1852	1777	compare	2	2	1	1	2	1.6	 	 	 	 	 
Anstalt	1896	1889	later	2	3	2	3	3	2.6	 	 	 	 	 
Feine	1884	1756	compare	2	1	2	2	1	1.6	 	 	 	 	 
technisch	1865	1781	compare	4	1	2	3	2	2.4	 	 	 	 	 
technisch	1781	1781	earlier	4	4	2	3	3	3.2	 	 	 	 	 
Museum	1881	1859	later	4	4	4	3	4	3.8	 	 	 	 	 
Anstellung	1791	1792	earlier	3	1	4	4	2	2.8	 	 	 	 	 
Reichstag	1876	1878	later	4	3	3	4	0	3.5	 	 	 	 	Satz 2 nidht eindeutig.
englisch	1873	1867	later	4	4	3	4	4	3.8	 	 	 	 	 
Abend	1751	1793	earlier	4	4	4	4	4	4	 	 	 	 	 
Donnerwetter	1784	1778	earlier	4	4	4	3	4	3.8	 	 	 	 	 
technisch	1857	1788	compare	4	3	2	3	3	3	 	 	 	 	 
geharnischt	1890	1794	compare	4	4	4	4	4	4	 	 	 	 	 
Vorwort	1764	1893	compare	2	2	1	1	1	1.4	 	 	 	 	 
billig	1775	1796	earlier	4	4	4	3	2	3.4	 	 	 	 	 
Zufall	1855	1865	later	4	4	4	4	4	4	 	 	 	 	 
Museum	1764	1779	earlier	4	4	4	3	3	3.6	 	 	 	 	 
englisch	1780	1762	earlier	4	2	3	3	4	3.2	 	 	 	 	 
flott	1867	1893	later	2	1	1	0	0	1.3333333333	 	 	 	zwei verschiedene Wörter	Falsche Lemmatisierung in Satz 2.
Kinderstube	1871	1894	later	4	4	4	4	4	4	 	 	 	 	 
locker	1756	1863	compare	3	2	2	2	3	2.4	 	 	 	 	 
Feder	1894	1799	compare	4	1	4	1	3	2.6	 	 	 	 	 
Zufall	1889	1778	compare	4	4	4	3	3	3.6	 	 	 	 	 
Anstellung	1896	1791	compare	3	1	3	4	1	2.4	 	 	 	 	 
Kinderstube	1853	1873	later	3	2	4	3	4	3.2	 	 	 	 	 
Kinderstube	1771	1760	earlier	3	2	3	4	4	3.2	 	 	 	 	 
Museum	1884	1796	compare	4	2	4	4	0	3.5	 	 	 	 	Satz 1 nicht eindeutig. Zu wenig Kontext.
Donnerwetter	1781	1891	compare	3	1	1	1	1	1.4	 	 	 	 	 
Kinderstube	1760	1795	earlier	3	2	3	3	3	2.8	 	 	 	 	 
englisch	1864	1874	later	4	3	3	3	4	3.4	 	 	 	 	 
geharnischt	1852	1883	later	4	2	2	2	3	2.6	 	 	 	 	 
billig	1876	1881	later	2	4	3	2	3	2.8	Satz 2 angemessen für billig	 	 	 	 
Donnerwetter	1751	1777	earlier	3	4	4	2	4	3.4	 	 	 	 	 
locker	1789	1797	earlier	3	1	2	2	2	2	 	 	 	 	 
Anstalt	1783	1868	compare	4	3	2	3	4	3.2	 	 	 	 	 
Feder	1784	1753	earlier	2	2	2	1	1	1.6	 	 	 	 	 
geharnischt	1890	1763	compare	4	4	4	3	4	3.8	 	 	 	 	 
Anstellung	1867	1882	later	3	4	3	2	1	2.6	 	 	 	 	 
Donnerwetter	1853	1784	compare	2	1	1	1	1	1.2	 	 	 	 	 
Donnerwetter	1899	1889	later	3	1	1	1	1	1.4	Satz 1 negativ, Satz 2positiv gemeint (Donnerwetter), deshab 3	 	 	 	 
Feder	1778	1854	compare	2	1	1	1	2	1.4	 	 	 	 	 
Zufall	1789	1796	earlier	4	4	4	2	4	3.6	 	 	 	 	 
flott	1870	1783	compare	1	1	1	0	0	1	 	 	 	andere Sprache	Fremdsprachlicher Beleg in Satz 2.
Presse	1868	1868	later	4	4	4	3	4	3.8	 	 	 	 	 
Motiv	1777	1855	compare	3	1	1	0	2	1.75	 	 	 	zu wenig Kontext	 
englisch	1865	1889	later	4	3	3	3	4	3.4	 	 	 	 	 
geharnischt	1782	1779	earlier	4	4	4	4	4	4	 	 	 	 	 
Anstellung	1888	1785	compare	0	1	1	0	0	0	Satz 1 zu wenig Kontext	 	 	zu wenig Kontext	Satz 1 nicht eindeutig.
Bilanz	1767	1767	earlier	0	4	4	0	0	0	Satz 1 zu wenig Kontext	 	 	zu wenig Kontext	Satz 1 nicht eindeutig.
flott	1789	1780	earlier	2	1	3	2	1	1.8	 	 	 	 	 
Anstellung	1789	1791	earlier	4	1	2	2	2	2.2	 	 	 	 	 
technisch	1799	1888	compare	4	1	2	4	2	2.6	 	 	 	 	 
englisch	1785	1780	earlier	3	2	3	2	4	2.8	 	 	 	 	 
flott	1858	1870	later	3	3	4	1	2	2.6	 	 	 	 	 
technisch	1899	1898	later	4	2	1	3	2	2.4	 	 	 	 	 
Museum	1764	1764	earlier	4	3	4	3	4	3.6	 	 	 	 	 
packen	1889	1779	compare	3	1	2	1	3	2	 	 	 	 	 
Bilanz	1867	1877	later	4	4	4	3	4	3.8	 	 	 	 	 
flott	1893	1850	later	2	2	1	1	0	1.5	 	 	 	 	Falsche Lemmatisierung in Satz 1.
Kinderstube	1888	1871	later	4	4	4	3	4	3.8	 	 	 	 	 
Bilanz	1767	1794	earlier	0	0	4	0	0	0	beide wenig Kontext	In Satz 1 nicht weiter definiert	 	zu wenig Kontext	Satz 1 und 2 uneindeutig.
Bilanz	1892	1878	later	4	2	4	3	2	3	 	 	 	 	 
locker	1866	1753	compare	3	1	3	2	3	2.4	 	 	 	 	 
englisch	1897	1797	compare	4	2	3	3	4	3.2	 	 	 	 	 
Bilanz	1775	1775	earlier	4	2	4	3	3	3.2	 	 	 	 	 
Bilanz	1860	1894	later	3	2	3	2	1	2.2	 	 	 	 	 
Feder	1775	1783	earlier	2	1	1	1	1	1.2	 	 	 	 	 
Feder	1894	1858	later	4	4	4	3	4	3.8	 	 	 	 	 
Steckenpferd	1880	1786	compare	2	3	1	2	1	1.8	 	 	 	 	 
Abend	1869	1855	later	4	4	4	3	4	3.8	 	 	 	 	 
billig	1792	1786	earlier	2	4	2	4	3	3	 	 	 	 	 
Feder	1796	1793	earlier	4	4	2	4	4	3.6	 	 	 	 	 
billig	1762	1794	earlier	4	1	2	3	4	2.8	angemessen	 	 	 	 
Reichstag	1876	1894	later	4	4	4	4	4	4	 	 	 	 	 
flott	1861	1871	later	3	1	2	1	1	1.6	 	 	 	 	 
flott	1756	1894	compare	3	1	1	1	1	1.4	 	 	 	 	 
Presse	1882	1898	later	4	3	4	4	4	3.8	 	 	 	 	 
locker	1788	1754	earlier	4	2	3	3	3	3	 	 	 	 	 
Anstalt	1855	1799	compare	1	1	1	1	3	1.4	 	 	 	 	 
Feder	1885	1864	later	2	1	1	1	1	1.2	 	 	 	 	 
packen	1760	1792	earlier	3	1	3	1	2	2	 	 	 	 	 
geharnischt	1791	1883	compare	2	1	2	1	1	1.4	 	 	 	 	 
technisch	1885	1857	later	4	2	3	3	3	3	 	 	 	 	 
Feine	1752	1756	earlier	2	4	2	1	3	2.4	 	 	 	 	 
Steckenpferd	1869	1869	later	0	4	4	4	0	4	Satz 1 zu wenig Kontext	 	 	 	Kontext in Satz 1 nicht eindeutig.
Abend	1791	1861	compare	4	4	4	3	4	3.8	 	 	 	 	 
Anstellung	1791	1786	earlier	4	1	4	1	1	2.2	 	 	 	 	 
geharnischt	1882	1885	later	4	4	3	4	2	3.4	 	 	 	 	 
Donnerwetter	1889	1879	later	3	1	1	1	1	1.4	 	 	 	 	 
Feder	1885	1866	later	2	1	1	1	1	1.2	 	 	 	 	 
locker	1799	1886	compare	3	1	2	2	3	2.2	 	 	 	 	 
Bilanz	1756	1867	compare	4	3	3	3	4	3.4	 	 	 	 	 
packen	1883	1895	later	2	1	3	1	3	2	 	 	 	 	 
Presse	1792	1766	earlier	2	2	1	2	2	1.8	 	 	 	 	 
Kinderstube	1797	1795	earlier	3	2	4	0	0	3	 	 	 	unklarer Kontext	Satz 2 uneindeutig
Kinderstube	1788	1788	earlier	3	2	4	3	3	3	 	 	 	 	 
Feder	1867	1866	later	4	4	4	4	4	4	 	 	 	 	 
Zufall	1867	1884	later	4	3	4	3	3	3.4	 	 	 	 	 
Anstalt	1896	1896	later	4	4	4	4	4	4	 	 	 	 	 
Feine	1897	1754	compare	1	1	1	0	0	1	 	 	 	zwei verschiedene Wörter	Falsche Lemmatisierung in Satz 1.
Bilanz	1894	1758	compare	3	2	2	3	4	2.8	 	 	 	 	 
technisch	1892	1868	later	4	2	2	3	3	2.8	 	 	 	 	 
Abend	1764	1780	earlier	3	4	4	3	3	3.4	 	 	 	 	 
Presse	1868	1775	compare	2	1	1	1	1	1.2	 	 	 	 	 
Feine	1769	1756	earlier	3	3	2	1	1	2	 	 	 	 	 
Vorwort	1867	1893	later	4	4	4	4	4	4	 	 	 	 	 
flott	1893	1779	compare	2	2	1	0	0	1.6666666667	 	 	 	zwei verschiedene Wörter	Falsche Lemmatisierung in Satz 1.
locker	1798	1798	earlier	4	4	4	4	4	4	 	 	 	 	 
Feine	1884	1884	later	4	4	4	4	4	4	 	 	 	 	 
Steckenpferd	1767	1897	compare	4	1	4	1	1	2.2	 	 	 	 	 
packen	1773	1767	earlier	3	1	2	1	3	2	 	 	 	 	 
Bilanz	1875	1767	compare	3	3	3	3	3	3	 	 	 	 	 
Kinderstube	1787	1895	compare	3	4	3	4	4	3.6	 	 	 	 	 
Zufall	1858	1869	later	1	1	1	2	2	1.4	 	 	 	 	 
Vorwort	1888	1764	compare	2	2	1	1	1	1.4	 	 	 	 	 
Steckenpferd	1877	1889	later	4	4	4	4	4	4	 	 	 	 	 
Anstellung	1783	1781	earlier	2	1	2	1	2	1.6	 	 	 	 	 
Feine	1899	1899	later	4	4	4	4	4	4	 	 	 	 	 
Anstalt	1787	1796	earlier	1	1	1	1	1	1	 	 	 	 	 
Anstalt	1868	1783	compare	4	4	4	1	4	3.4	 	 	 	 	 
packen	1864	1855	later	3	1	2	1	3	2	 	 	 	 	 
Museum	1799	1794	earlier	4	4	4	4	4	4	 	 	 	 	 
Presse	1780	1791	earlier	4	4	3	4	3	3.6	 	 	 	 	 
Bilanz	1758	1767	earlier	4	3	4	3	4	3.6	 	 	 	 	 
Reichstag	1876	1880	later	4	3	4	4	4	3.8	 	 	 	 	 
geharnischt	1874	1852	later	2	1	4	1	2	2	 	 	 	 	 
Reichstag	1880	1887	later	4	3	4	3	0	3.5	 	 	 	 	Satz 2 uneindeutig.
Zufall	1796	1753	earlier	4	3	4	3	4	3.6	 	 	 	 	 
Anstalt	1774	1788	earlier	1	1	1	1	1	1	 	 	 	 	 
technisch	1890	1890	later	4	3	1	2	2	2.4	 	 	 	 	 
Kinderstube	1783	1896	compare	4	2	3	2	1	2.4	 	 	 	 	 
Kinderstube	1789	1871	compare	3	4	4	3	2	3.2	 	 	 	 	 
geharnischt	1763	1851	compare	2	1	2	1	1	1.4	 	 	 	 	 
Bilanz	1860	1894	later	4	3	4	4	4	3.8	 	 	 	 	 
Motiv	1859	1899	later	4	4	4	3	3	3.6	 	 	 	 	 
Anstellung	1781	1881	compare	4	1	2	3	2	2.4	 	 	 	 	 
geharnischt	1778	1792	earlier	4	4	3	4	4	3.8	 	 	 	 	 
Steckenpferd	1791	1788	earlier	4	4	2	1	4	3	 	 	 	 	 
packen	1879	1789	compare	3	1	2	1	3	2	 	 	 	 	 
englisch	1795	1864	compare	3	4	3	4	4	3.6	 	 	 	 	 
Reichstag	1786	1876	compare	4	3	3	3	3	3.2	 	 	 	 	 
Museum	1789	1855	compare	4	4	4	4	4	4	 	 	 	 	 
Feine	1884	1787	compare	2	1	2	1	1	1.4	 	 	 	 	 
billig	1895	1893	later	4	4	4	4	4	4	 	 	 	 	 
Bilanz	1756	1796	earlier	4	2	4	3	4	3.4	 	 	 	 	 
Feder	1773	1775	earlier	2	1	1	1	3	1.6	 	 	 	 	 
Anstalt	1793	1753	earlier	1	1	4	1	1	1.6	 	 	 	 	 
Motiv	1797	1789	earlier	4	4	4	4	3	3.8	 	 	 	 	 
billig	1755	1762	earlier	0	1	4	4	4	3.25	Satz 2 zu wenig Kontext	 	 	 	 
Bilanz	1794	1885	compare	0	2	4	3	0	3	Satz 1 zu wenig Kontext	 	 	 	Kontext in Satz 1 nicht eindeutig.
Presse	1779	1754	earlier	2	4	1	3	3	2.6	 	 	 	 	 
Feine	1756	1782	earlier	3	1	3	3	2	2.4	 	 	 	 	 
Anstellung	1859	1791	compare	4	1	3	1	2	2.2	 	 	 	 	 
Anstalt	1859	1797	compare	4	4	4	4	1	3.4	 	 	 	 	 
Anstalt	1885	1896	later	4	2	2	3	3	2.8	 	 	 	 	 
Feder	1866	1854	later	2	3	2	3	3	2.6	 	 	 	 	 
Steckenpferd	1796	1786	earlier	0	3	2	4	4	3.25	Satz 1 zu wenig Kontext	 	 	 	 
technisch	1799	1798	earlier	3	2	3	2	3	2.6	 	 	 	 	 
packen	1792	1861	compare	4	4	4	4	4	4	 	 	 	 	 
Kinderstube	1790	1783	earlier	4	2	3	4	4	3.4	 	 	 	 	 
technisch	1796	1781	earlier	4	4	2	3	3	3.2	 	 	 	 	 
packen	1866	1855	later	3	1	3	1	2	2	 	 	 	 	 
geharnischt	1876	1855	later	0	2	2	1	2	1.75	Satz 1 zu wenig Kontext	 	 	 	 
englisch	1762	1776	earlier	3	1	3	1	4	2.4	 	 	 	 	 
technisch	1879	1781	compare	4	1	2	3	3	2.6	 	 	 	 	 
Bilanz	1756	1894	compare	4	3	4	4	4	3.8	 	 	 	 	 
Abend	1869	1873	later	4	4	4	4	4	4	 	 	 	 	 
Presse	1784	1868	compare	2	1	1	1	1	1.2	 	 	 	 	 
Vorwort	1764	1857	compare	2	2	1	1	1	1.4	 	 	 	 	 
locker	1778	1756	earlier	4	4	3	3	4	3.6	 	 	 	 	 
Abend	1864	1897	later	4	4	4	4	4	4	 	 	 	 	 
Motiv	1888	1851	later	4	3	1	0	3	2.75	 	 	 	zu wenig Kontext	 
Zufall	1869	1789	compare	0	1	3	1	4	2.25	Satz 2 zu wenig Kontext	 	 	 	 
Bilanz	1894	1886	later	3	3	3	3	2	2.8	 	 	 	 	 
Steckenpferd	1899	1776	compare	4	4	4	0	4	4	 	 	 	zu wenig Kontext	 
technisch	1887	1795	compare	4	1	3	3	3	2.8	 	 	 	 	 
Reichstag	1753	1773	earlier	4	3	4	4	4	3.8	 	 	 	 	 
locker	1765	1799	earlier	4	4	4	4	4	4	 	 	 	 	 
Steckenpferd	1792	1869	compare	0	4	1	0	0	0	Satz 2 zu wenig Kontext	 	 	zu wenig Kontext	Satz 2 uneindeutig.
billig	1877	1879	later	4	4	4	4	4	4	 	 	 	 	 
Bilanz	1767	1794	earlier	0	2	3	0	4	3	Satz 1 zu wenig Kontext	 	 	zu wenig Kontext	 
packen	1855	1854	later	3	1	2	1	3	2	 	 	 	 	 
geharnischt	1889	1882	later	4	4	4	4	4	4	 	 	 	 	 
flott	1893	1780	compare	2	2	1	0	0	1.6666666667	 	 	 	zwei verschiedene Wörter	Satz 1 falsch lemmatisiert.
englisch	1771	1796	earlier	4	2	2	4	0	3	 	 	 	 	Nicht genug Kontext in Satz 2.
Anstellung	1868	1885	later	2	4	3	0	4	3.25	 	 	 	zu wenig Kontext	 
Vorwort	1882	1857	later	3	4	4	3	3	3.4	 	 	 	 	 
packen	1869	1779	compare	0	1	1	0	0	0	Satz 1 zu wenig Kontext	 	 	zwei verschiedene Wörter	Falsche Lemmatisiertung in Satz 1.
Feine	1866	1851	later	0	1	1	0	0	0	Satz 1 zu wenig Kontext	 	 	zu wenig Kontext	Zu wenig Kontext in Satz 1.
Steckenpferd	1860	1879	later	4	4	2	1	1	2.4	 	 	 	 	 
Motiv	1774	1777	earlier	4	1	3	3	2	2.6	 	 	 	 	 
Kinderstube	1853	1795	compare	3	2	4	0	0	3	 	 	 	zu wenig Kontext	Satz 2 uneindeutig.
Reichstag	1879	1882	later	4	3	4	4	4	3.8	 	 	 	 	 
Kinderstube	1873	1788	compare	4	2	4	3	4	3.4	 	 	 	 	 
billig	1878	1868	later	2	1	1	1	1	1.2	Satz 2 angemessen für billig	 	 	 	 
Feine	1899	1894	later	2	1	1	1	1	1.2	 	 	 	 	 
Kinderstube	1895	1797	compare	4	2	4	3	1	2.8	 	 	 	 	 
Feine	1853	1755	compare	3	2	1	2	3	2.2	 	 	 	 	 
geharnischt	1855	1753	compare	4	4	3	3	4	3.6	 	 	 	 	 
packen	1867	1780	compare	4	2	4	4	4	3.6	 	 	 	 	 
Abend	1871	1864	later	4	4	4	4	4	4	 	 	 	 	 
englisch	1899	1756	compare	4	2	2	4	3	3	 	 	 	 	 
Reichstag	1876	1876	later	4	3	4	4	4	3.8	 	 	 	 	 
Presse	1867	1868	later	4	4	4	4	4	4	 	 	 	 	 
Kinderstube	1789	1787	earlier	3	4	4	3	2	3.2	 	 	 	 	 
Vorwort	1862	1881	later	4	4	4	4	1	3.4	 	 	 	 	 
Feder	1866	1751	compare	2	2	1	1	3	1.8	 	 	 	 	 
Feine	1882	1767	compare	2	1	1	1	1	1.2	 	 	 	 	 
flott	1862	1883	later	2	1	1	1	1	1.2	 	 	 	 	 
Steckenpferd	1898	1860	later	3	4	1	3	3	2.8	 	 	 	 	 
englisch	1767	1883	compare	3	4	3	4	4	3.6	 	 	 	 	 
technisch	1791	1781	earlier	3	2	1	3	3	2.4	 	 	 	 	 
Feder	1797	1764	earlier	4	4	3	3	3	3.4	 	 	 	 	 
billig	1855	1858	later	2	1	1	1	1	1.2	 	 	 	 	 
Vorwort	1760	1854	compare	3	1	2	2	3	2.2	 	 	 	 	 
technisch	1883	1880	later	3	1	2	3	3	2.4	 	 	 	 	 
billig	1861	1798	compare	4	4	4	3	4	3.8	 	 	 	 	 
locker	1869	1895	later	2	2	3	2	2	2.2	 	 	 	 	 
Donnerwetter	1855	1772	compare	2	2	1	2	1	1.6	 	 	 	 	 
Bilanz	1792	1796	earlier	0	1	1	2	2	1.5	Satz 1: Bed. Von Bilanz fehlt	 	 	 	 
Feine	1772	1776	earlier	3	3	2	3	3	2.8	 	 	 	 	 
Donnerwetter	1784	1855	compare	2	4	1	2	3	2.4	 	 	 	 	 
billig	1895	1790	compare	4	4	2	4	4	3.6	 	 	 	 	 
Abend	1794	1792	earlier	4	3	3	3	4	3.4	 	 	 	 	 
Kinderstube	1791	1778	earlier	4	3	4	3	4	3.6	 	 	 	 	 
Kinderstube	1787	1788	earlier	4	2	4	3	4	3.4	 	 	 	 	 
billig	1896	1779	compare	4	1	3	4	1	2.6	 	 	 	 	 
Anstellung	1795	1785	earlier	2	1	1	1	1	1.2	 	 	 	 	 
englisch	1783	1895	compare	4	3	2	4	4	3.4	 	 	 	 	 
Vorwort	1767	1899	compare	2	2	1	1	1	1.4	 	 	 	 	 
Donnerwetter	1784	1879	compare	2	1	1	2	2	1.6	 	 	 	 	 
Museum	1779	1786	earlier	4	4	4	0	0	4	 	 	 	zu wenig Kontext	Kontext uneindeutig in Satz 2.
flott	1873	1866	later	4	4	4	4	4	4	 	 	 	 	 
flott	1756	1757	earlier	2	2	1	0	0	1.6666666667	 	 	 	zwei verschiedene Wörter	Falsche Lemmatisierung in Satz 2.
locker	1756	1795	earlier	3	2	1	3	3	2.4	 	 	 	 	 
Feine	1897	1855	later	0	1	1	0	0	0	Satz 1 zu wenig Kontext	 	 	zu wenig Kontext	Satz 1 uneindeutig.
flott	1779	1893	compare	2	2	2	1	1	1.6	 	 	 	 	 
Presse	1752	1882	compare	4	2	1	1	3	2.2	 	 	 	 	 
technisch	1788	1792	earlier	4	2	1	2	3	2.4	 	 	 	 	 
englisch	1791	1796	earlier	4	2	3	3	4	3.2	 	 	 	 	 
Presse	1894	1896	later	2	1	1	1	1	1.2	 	 	 	 	 
Vorwort	1773	1771	earlier	2	1	1	1	1	1.2	 	 	 	 	 
billig	1758	1783	earlier	3	2	1	3	1	2	 	 	 	 	 
Abend	1861	1776	compare	4	4	4	4	4	4	 	 	 	 	 
Zufall	1873	1771	compare	4	3	1	4	4	3.2	 	 	 	 	 
englisch	1871	1894	later	4	4	4	4	4	4	 	 	 	 	 
Reichstag	1876	1786	compare	4	3	4	3	3	3.4	 	 	 	 	 
Motiv	1790	1789	earlier	4	4	4	3	4	3.8	 	 	 	 	 
Zufall	1796	1750	earlier	4	4	4	4	4	4	 	 	 	 	 
locker	1756	1780	earlier	3	4	4	0	3	3.5	 	 	 	zu wenig Kontext	 
Zufall	1850	1858	later	4	4	4	4	4	4	 	 	 	 	 
flott	1776	1898	compare	2	1	1	2	2	1.6	 	 	 	 	 
Feine	1879	1754	compare	3	1	3	1	3	2.2	 	 	 	 	 
Feine	1777	1783	earlier	2	2	1	1	3	1.8	 	 	 	 	 
billig	1797	1776	earlier	3	4	2	3	3	3	billig ist etwa “angemessen” (Satz 1) und Satz 2 ist “zurecht”	 	 	 	 
Donnerwetter	1889	1751	compare	2	1	1	1	1	1.2	 	 	 	 	 
Feine	1890	1897	later	3	3	3	1	1	2.2	 	 	 	 	 
Steckenpferd	1792	1796	earlier	4	4	1	3	4	3.2	 	 	 	 	 
Feine	1776	1785	earlier	3	1	3	1	3	2.2	 	 	 	 	 
Abend	1871	1861	later	4	4	4	4	4	4	 	 	 	 	 
Bilanz	1775	1851	compare	3	3	3	3	3	3	 	 	 	 	 
Motiv	1851	1794	compare	4	4	1	0	4	3.25	 	 	 	zu wenig Kontext	 
Zufall	1891	1852	later	4	4	4	4	4	4	 	 	 	 	 
Anstalt	1794	1854	compare	1	1	1	1	3	1.4	 	 	 	 	 
Kinderstube	1788	1873	compare	4	4	4	4	1	3.4	 	 	 	 	 
geharnischt	1882	1863	later	4	4	4	2	4	3.6	 	 	 	 	 
Reichstag	1787	1786	earlier	4	3	3	4	4	3.6	 	 	 	 	 
Bilanz	1894	1886	later	4	4	4	4	4	4	 	 	 	 	 
locker	1756	1779	earlier	4	4	4	3	4	3.8	 	 	 	 	 
technisch	1894	1879	later	4	4	1	3	4	3.2	 	 	 	 	 
Museum	1859	1783	compare	4	4	4	4	4	4	 	 	 	 	 
Zufall	1873	1756	compare	4	4	3	3	4	3.6	 	 	 	 	 
Donnerwetter	1879	1777	compare	2	1	4	1	3	2.2	 	 	 	 	 
Kinderstube	1858	1896	later	3	2	3	3	1	2.4	 	 	 	 	 
Reichstag	1876	1878	later	4	4	3	4	3	3.6	 	 	 	 	 
Feine	1884	1879	later	2	1	1	1	1	1.2	 	 	 	 	 
Donnerwetter	1776	1852	compare	4	1	3	2	1	2.2	 	 	 	 	 
flott	1780	1783	earlier	2	1	1	0	0	1.3333333333	 	 	 	zwei verschiedene Wörter	Fremdsprachlicher Beleg in Satz 2.
Museum	1780	1876	compare	4	4	4	3	4	3.8	 	 	 	 	 
Vorwort	1771	1789	earlier	2	1	1	1	1	1.2	 	 	 	 	 
Feine	1752	1774	earlier	3	3	2	2	3	2.6	 	 	 	 	 
Steckenpferd	1864	1798	compare	2	1	1	1	1	1.2	 	 	 	 	 
Museum	1888	1794	compare	4	2	4	3	0	3.25	 	 	 	 	Satz 1 ergibt keinen Sinn.
billig	1886	1753	compare	2	1	1	1	1	1.2	billig in Satz 2 ist “angemessenerweise”	 	 	 	 
Reichstag	1876	1787	compare	3	3	4	4	3	3.4	 	 	 	 	 
Zufall	1796	1884	compare	4	3	4	3	4	3.6	 	 	 	 	 
Museum	1891	1855	later	4	4	4	3	4	3.8	 	 	 	 	 
Bilanz	1775	1892	compare	4	4	4	3	2	3.4	 	 	 	 	 
geharnischt	1787	1885	compare	2	1	4	1	3	2.2	 	 	 	 	 
Feder	1867	1895	later	2	2	1	2	2	1.8	 	 	 	 	 
Abend	1852	1869	later	4	3	4	4	4	3.8	 	 	 	 	 
flott	1894	1858	later	4	4	3	2	3	3.2	 	 	 	 	 
packen	1774	1755	earlier	3	3	1	3	4	2.8	 	 	 	 	 
Reichstag	1753	1876	compare	4	4	4	3	3	3.6	 	 	 	 	 
Feder	1751	1867	compare	2	3	1	1	1	1.6	 	 	 	 	 
Bilanz	1758	1894	compare	4	4	3	3	4	3.6	 	 	 	 	 
Steckenpferd	1788	1792	earlier	2	4	1	1	4	2.4	 	 	 	 	 
Kinderstube	1775	1871	compare	3	2	3	3	3	2.8	 	 	 	 	 
Bilanz	1775	1794	earlier	4	3	3	2	3	3	 	 	 	 	 
billig	1891	1886	later	4	4	2	3	4	3.4	 	 	 	 	 
Abend	1792	1798	earlier	4	2	4	3	4	3.4	 	 	 	 	 
Anstellung	1793	1868	compare	3	1	1	1	0	1.5	 	 	 	 	Satz 2 unklar.
locker	1890	1871	later	4	1	1	2	2	2	 	 	 	 	 
Kinderstube	1899	1854	later	3	3	4	3	4	3.4	 	 	 	 	 
packen	1864	1896	later	3	1	2	1	2	1.8	 	 	 	 	 
Motiv	1794	1779	earlier	4	1	4	4	3	3.2	 	 	 	 	 
geharnischt	1895	1773	compare	4	4	4	4	4	4	 	 	 	 	 
Presse	1892	1882	later	2	1	1	1	1	1.2	 	 	 	 	 
Bilanz	1851	1860	later	3	3	2	2	1	2.2	 	 	 	 	 
flott	1893	1893	later	4	4	4	0	0	4	 	 	 	zwei verschiedene Wörter	Beide Sätze falsch lemmatisiert.
Bilanz	1894	1756	compare	4	3	4	3	4	3.6	 	 	 	 	 
Anstalt	1861	1792	compare	4	1	3	1	1	2	 	 	 	 	 
technisch	1896	1899	later	4	3	4	2	4	3.4	 	 	 	 	 
englisch	1775	1873	compare	4	2	3	4	4	3.4	 	 	 	 	 
Anstellung	1791	1896	compare	3	1	4	4	1	2.6	 	 	 	 	 
billig	1778	1887	compare	4	4	4	3	2	3.4	 	 	 	 	 
Donnerwetter	1857	1794	compare	2	1	1	1	1	1.2	 	 	 	 	 
Reichstag	1787	1875	compare	4	3	3	2	3	3	 	 	 	 	 
Feder	1796	1888	compare	2	1	1	1	1	1.2	 	 	 	 	 
Abend	1889	1797	compare	4	4	4	3	4	3.8	 	 	 	 	 
englisch	1869	1862	later	4	4	3	4	4	3.8	 	 	 	 	 
Bilanz	1767	1756	earlier	3	4	3	3	4	3.4	 	 	 	 	 
Kinderstube	1865	1873	later	4	2	4	3	4	3.4	 	 	 	 	 
Anstellung	1865	1896	later	4	4	4	4	3	3.8	 	 	 	 	 
Museum	1891	1778	compare	4	3	4	3	4	3.6	 	 	 	 	 
Kinderstube	1775	1787	earlier	4	3	3	3	4	3.4	 	 	 	 	 
Zufall	1795	1879	compare	1	1	3	3	2	2	 	 	 	 	 
Museum	1890	1867	later	4	4	4	4	0	4	 	 	 	 	Kontext in Satz 1 nicht eindeutig.
Kinderstube	1787	1771	earlier	4	4	4	4	4	4	 	 	 	 	 
Steckenpferd	1871	1786	compare	4	4	4	3	3	3.6	 	 	 	 	 
locker	1889	1863	later	4	4	4	3	3	3.6	 	 	 	 	 
billig	1897	1876	later	2	4	1	1	3	2.2	 	 	 	 	 
Abend	1784	1852	compare	4	4	4	3	4	3.8	 	 	 	 	 
Kinderstube	1873	1898	later	4	2	4	4	4	3.6	 	 	 	 	 
Anstellung	1896	1852	later	0	4	4	0	0	0	Satz 2 zu wenig Kontext	 	 	zu wenig Kontext	Kontext in Satz 2 nicht eindeutig.
Abend	1771	1767	earlier	4	3	4	3	4	3.6	 	 	 	 	 
Bilanz	1767	1791	earlier	4	2	2	0	1	2.25	 	 	 	zu wenig Kontext	 
flott	1780	1779	earlier	4	2	4	3	4	3.4	 	 	 	 	 
Motiv	1887	1851	later	4	4	1	1	4	2.8	 	 	 	 	 
Steckenpferd	1775	1796	earlier	3	1	1	2	1	1.6	 	 	 	 	 
Zufall	1796	1888	compare	4	4	4	4	4	4	 	 	 	 	 
Steckenpferd	1899	1773	compare	0	4	1	2	2	2.25	Satz 1 zu wenig Kontext	 	 	 	 
Vorwort	1867	1878	later	4	4	4	4	4	4	 	 	 	 	 
locker	1875	1879	later	3	2	1	1	2	1.8	 	 	 	 	 
Steckenpferd	1796	1894	compare	2	4	1	1	1	1.8	 	 	 	 	 
Feine	1771	1897	compare	2	1	1	1	1	1.2	 	 	 	 	 
Feder	1783	1895	compare	2	1	1	1	1	1.2	 	 	 	 	 
billig	1773	1754	earlier	0	1	1	1	1	1	Satz 2 zu wenig Kontext	 	 	 	 
billig	1885	1881	later	2	1	1	1	1	1.2	 	 	 	 	 
Presse	1868	1756	compare	2	1	1	1	2	1.4	 	 	 	 	 
locker	1783	1869	compare	3	2	1	2	3	2.2	 	 	 	 	 
flott	1792	1861	compare	2	1	1	0	0	1.3333333333	 	 	 	zwei verschiedene Wörter	Falsche Lemmatisierung in Satz 1.
Abend	1893	1796	compare	4	4	4	4	4	4	 	 	 	 	 
Abend	1780	1795	earlier	4	4	4	4	4	4	 	 	 	 	 
packen	1786	1778	earlier	4	1	2	2	3	2.4	 	 	 	 	 
packen	1779	1789	earlier	4	4	4	3	4	3.8	 	 	 	 	 
billig	1858	1898	later	2	1	1	1	1	1.2	 	 	 	 	 
Steckenpferd	1879	1897	later	2	4	1	1	1	1.8	 	 	 	 	 
Bilanz	1758	1883	compare	3	4	4	3	2	3.2	 	 	 	 	 
englisch	1867	1789	compare	4	2	3	3	0	3	 	 	 	 	Kontext in Satz 2 uneindeutig.
Abend	1888	1783	compare	4	4	4	4	4	4	 	 	 	 	 
Motiv	1876	1888	later	0	1	4	0	0	0	Satz 1 zu wenig Kontext	 	 	zu wenig Kontext	Kontext in Satz 1 uneindeutig.
flott	1796	1792	earlier	2	1	1	1	2	1.4	 	 	 	 	 
Feine	1853	1852	later	3	2	1	2	2	2	 	 	 	 	 
Steckenpferd	1864	1852	later	3	1	1	1	1	1.4	 	 	 	 	 
Steckenpferd	1795	1796	earlier	4	1	1	3	2	2.2	 	 	 	 	 
englisch	1897	1875	later	4	3	3	4	4	3.6	 	 	 	 	 
Bilanz	1882	1775	compare	3	4	3	3	3	3.2	 	 	 	 	 
locker	1879	1869	later	4	3	4	4	3	3.6	 	 	 	 	 
Motiv	1796	1789	earlier	4	4	4	4	4	4	 	 	 	 	 
packen	1772	1756	earlier	3	1	3	0	0	2.3333333333	 	 	 	zwei verschiedene Wörter	Falsche Lemmatisierung in Satz 1.
packen	1884	1894	later	4	3	2	3	3	3	 	 	 	 	 
Reichstag	1882	1876	later	4	3	3	4	3	3.4	 	 	 	 	 
locker	1776	1776	earlier	3	1	1	0	0	1.6666666667	 	 	 	zu wenig Kontext	Kontext in Satz 1 uneindeutig.
Bilanz	1794	1758	earlier	3	3	3	0	0	3	 	 	 	zu wenig Kontext	Kontext in Satz 2 uneindeutig.
technisch	1899	1867	later	4	3	3	3	4	3.4	 	 	 	 	 
Feder	1885	1866	later	2	1	1	1	1	1.2	 	 	 	 	 
Reichstag	1787	1792	earlier	4	4	4	4	4	4	 	 	 	 	 
Bilanz	1758	1775	earlier	4	2	4	4	3	3.4	 	 	 	 	 
Anstellung	1877	1865	later	3	1	1	1	1	1.4	 	 	 	 	 
flott	1789	1757	earlier	2	1	1	0	0	1.3333333333	 	 	 	zwei verschiedene Wörter	Falsche Lemmatisierung in Satz 2.
packen	1784	1783	earlier	4	3	3	3	4	3.4	 	 	 	 	 
geharnischt	1795	1778	earlier	4	4	4	3	3	3.6	 	 	 	 	 
Motiv	1794	1894	compare	4	4	2	3	2	3	 	 	 	 	 
Museum	1764	1764	earlier	4	4	4	4	4	4	 	 	 	 	 
Anstellung	1852	1756	compare	3	1	1	1	1	1.4	 	 	 	 	 
Anstellung	1767	1799	earlier	3	1	3	1	2	2	 	 	 	 	 
Donnerwetter	1784	1784	earlier	4	4	4	4	4	4	 	 	 	 	 
billig	1884	1881	later	4	4	4	4	4	4	 	 	 	 	 
Vorwort	1771	1764	earlier	4	4	4	4	4	4	 	 	 	 	 
Kinderstube	1760	1899	compare	4	2	4	3	2	3	 	 	 	 	 
Feine	1771	1756	earlier	2	2	1	1	2	1.6	 	 	 	 	 
Reichstag	1792	1882	compare	4	3	4	3	3	3.4	 	 	 	 	 
Zufall	1857	1879	later	4	4	4	4	4	4	 	 	 	 	 
Motiv	1852	1851	later	0	4	1	0	0	0	Satz 2 zu wenig Kontext	 	 	zu wenig Kontext	Kontext in Satz 2 nicht eindeutig.
Zufall	1791	1784	earlier	1	1	1	3	3	1.8	 	 	 	 	 
Motiv	1857	1798	compare	4	2	1	3	4	2.8	 	 	 	 	 
Anstellung	1796	1782	earlier	2	1	1	1	1	1.2	 	 	 	 	 
Feder	1896	1893	later	0	1	1	0	0	0	Satz 2 zu wenig Kontext	 	 	zu wenig Kontext	Satz 2 uneindeutig.
Zufall	1750	1796	earlier	1	1	4	3	1	2	 	 	 	 	 
Anstellung	1799	1876	compare	4	2	4	4	4	3.6	 	 	 	 	 
Anstalt	1870	1790	compare	2	1	2	1	2	1.6	 	 	 	 	 
Vorwort	1853	1767	compare	2	2	1	1	1	1.4	 	 	 	 	 
billig	1854	1890	later	4	4	4	4	3	3.8	 	 	 	 	 
Anstalt	1892	1893	later	1	1	1	1	1	1	 	 	 	 	 
Anstalt	1896	1867	later	4	4	3	4	4	3.8	 	 	 	 	 
Reichstag	1897	1876	later	3	4	4	3	3	3.4	 	 	 	 	 
packen	1781	1779	earlier	3	1	2	1	3	2	 	 	 	 	 
Vorwort	1896	1886	later	3	4	4	4	4	3.8	 	 	 	 	 
geharnischt	1787	1753	earlier	4	4	4	4	4	4	 	 	 	 	 
Anstalt	1786	1879	compare	1	1	3	1	1	1.4	 	 	 	 	 
locker	1867	1881	later	3	2	2	2	3	2.4	 	 	 	 	 
flott	1893	1893	later	4	4	4	4	0	4	 	 	 	 	In beiden Sätzen falsche Lemmatisierung.
technisch	1792	1896	compare	4	4	1	3	3	3	 	 	 	 	 
Vorwort	1773	1764	earlier	2	1	1	1	1	1.2	 	 	 	 	 
Donnerwetter	1879	1894	later	3	1	1	1	1	1.4	 	 	 	 	 
Feder	1764	1871	compare	0	2	3	0	3	2.6666666667	Ich komme nicht drauf, was <Feder in Satz 1 heißen soll	 	 	zu wenig Kontext	 
englisch	1867	1897	later	4	3	3	4	4	3.6	 	 	 	 	 
Museum	1764	1782	earlier	4	3	4	4	4	3.8	 	 	 	 	 
packen	1756	1795	earlier	4	2	2	1	2	2.2	 	 	 	 	 
Anstalt	1785	1751	earlier	1	4	1	1	1	1.6	 	 	 	 	 
Anstalt	1799	1785	earlier	4	4	4	1	4	3.4	 	 	 	 	 
Feine	1884	1756	compare	2	1	1	1	1	1.2	 	 	 	 	 
Anstellung	1881	1868	later	4	4	4	4	4	4	 	 	 	 	 
Kinderstube	1778	1879	compare	3	4	3	4	4	3.6	 	 	 	 	 
Feder	1780	1796	earlier	2	1	1	1	3	1.6	 	 	 	 	 
billig	1781	1776	earlier	3	4	3	3	3	3.2	 	 	 	 	 
Steckenpferd	1763	1773	earlier	3	2	1	2	1	1.8	 	 	 	 	 
Museum	1855	1875	later	4	4	4	4	4	4	 	 	 	 	 
Donnerwetter	1896	1889	later	4	1	4	4	4	3.4	 	 	 	 	 
Abend	1754	1779	earlier	4	3	3	3	4	3.4	 	 	 	 	 
Steckenpferd	1895	1889	later	3	4	1	0	0	2.6666666667	 	 	 	zu wenig Kontext	Satz 2 ermöglichkt keine eindeutige Analyse der Bedeutung von Steckenpferd
Abend	1786	1784	earlier	4	3	4	4	4	3.8	 	 	 	 	 
geharnischt	1855	1890	later	4	1	2	1	1	1.8	 	 	 	 	 
Presse	1791	1868	compare	4	2	1	1	1	1.8	 	 	 	 	 
Anstalt	1898	1861	later	4	4	2	3	4	3.4	 	 	 	 	 
Motiv	1791	1787	earlier	3	1	4	1	2	2.2	 	 	 	 	 
Vorwort	1894	1884	later	4	4	4	4	4	4	 	 	 	 	 
geharnischt	1865	1857	later	4	3	3	2	2	2.8	 	 	 	 	 
packen	1874	1895	later	4	2	3	3	3	3	 	 	 	 	 
Museum	1899	1764	compare	4	4	4	3	4	3.8	 	 	 	 	 
Presse	1896	1897	later	2	1	1	1	1	1.2	 	 	 	 	 
technisch	1792	1799	earlier	4	4	3	3	3	3.4	 	 	 	 	 
Zufall	1791	1862	compare	1	1	1	2	2	1.4	 	 	 	 	 
Presse	1893	1898	later	1	1	1	0	0	1	Satz 1: Prisse ist eine Stadt/Region (?!)	 	 	zwei verschiedene Wörter	Falsche Lemmatisierung in Satz 1.
Abend	1792	1898	compare	4	4	4	4	4	4	 	 	 	 	 
englisch	1873	1873	later	4	4	3	4	4	3.8	 	 	 	 	 
Anstalt	1871	1850	later	1	1	1	1	1	1	 	 	 	 	 
Museum	1884	1893	later	4	4	4	4	4	4	 	 	 	 	 
geharnischt	1753	1776	earlier	4	3	4	2	3	3.2	 	 	 	 	 
Museum	1861	1856	later	4	4	4	4	4	4	 	 	 	 	 
technisch	1859	1870	later	3	3	1	3	3	2.6	 	 	 	 	 
Feder	1791	1780	earlier	4	4	4	1	4	3.4	 	 	 	 	 
Museum	1780	1791	earlier	4	4	4	4	4	4	 	 	 	 	 
billig	1752	1776	earlier	2	4	1	3	3	2.6	 	 	 	 	 
packen	1897	1864	later	3	1	2	1	3	2	 	 	 	 	 
englisch	1782	1776	earlier	4	2	2	0	4	3	 	 	 	zu wenig Kontext	 
Abend	1796	1769	earlier	4	2	4	3	4	3.4	 	 	 	 	 
Steckenpferd	1894	1894	later	4	4	3	4	4	3.8	 	 	 	 	 
locker	1855	1777	compare	4	3	2	4	3	3.2	 	 	 	 	 
Donnerwetter	1889	1772	compare	2	1	1	1	1	1.2	 	 	 	 	 
Reichstag	1786	1786	earlier	4	4	3	3	4	3.6	 	 	 	 	 
Museum	1861	1764	compare	4	4	4	4	4	4	 	 	 	 	 
Anstellung	1756	1895	compare	3	1	2	1	3	2	 	 	 	 	 
geharnischt	1890	1890	later	4	4	4	4	4	4	 	 	 	 	 
Kinderstube	1789	1795	earlier	4	2	4	3	3	3.2	 	 	 	 	 
englisch	1867	1894	later	3	3	3	4	4	3.4	 	 	 	 	 
packen	1779	1784	earlier	4	1	3	1	3	2.4	 	 	 	 	 
Kinderstube	1879	1899	later	4	3	3	4	4	3.6	 	 	 	 	 
Anstalt	1775	1750	earlier	0	1	4	1	1	1.75	mit Satz 2 “Anstalt” bin ich mir nicht sicher	 	 	 	 
Motiv	1887	1789	compare	4	4	4	0	2	3.5	 	 	 	zu wenig Kontext	 
Feder	1852	1866	later	2	3	1	2	3	2.2	 	 	 	 	 
locker	1797	1875	compare	4	3	3	4	3	3.4	 	 	 	 	 
Motiv	1797	1794	earlier	4	4	4	4	4	4	 	 	 	 	 
Zufall	1779	1779	earlier	1	1	1	2	3	1.6	 	 	 	 	 
englisch	1879	1861	later	4	4	3	3	4	3.6	 	 	 	 	 
Kinderstube	1895	1871	later	3	3	4	3	4	3.4	 	 	 	 	 
Presse	1891	1868	later	4	3	4	4	4	3.8	 	 	 	 	 
billig	1775	1856	compare	0	2	1	3	4	2.5	Satz 2	 	 	 	 
Donnerwetter	1784	1859	compare	0	4	2	0	3	3	Satz 2 zu wenig Kontext	 	 	zu wenig Kontext	 
billig	1776	1776	earlier	4	2	2	3	4	3	angemessen	 	 	 	 
Presse	1771	1777	earlier	2	2	1	2	1	1.6	 	 	 	 	 
Presse	1898	1756	compare	2	1	1	1	1	1.2	 	 	 	 	 
packen	1756	1796	earlier	2	3	3	3	3	2.8	 	 	 	 	 
Abend	1861	1869	later	4	3	4	3	4	3.6	 	 	 	 	 
Reichstag	1786	1787	earlier	4	4	4	3	4	3.8	 	 	 	 	 
technisch	1899	1894	later	3	1	3	2	3	2.4	 	 	 	 	 
Kinderstube	1862	1852	later	4	4	4	4	4	4	 	 	 	 	 
Presse	1892	1868	later	4	4	4	4	4	4	 	 	 	 	 
Kinderstube	1853	1891	later	4	4	3	3	4	3.6	 	 	 	 	 
Zufall	1789	1778	earlier	1	1	1	2	4	1.8	 	 	 	 	 
flott	1871	1893	later	2	1	1	0	0	1.3333333333	 	 	 	zwei verschiedene Wörter	Falsche Lemmatisierung in Satz 2.
Bilanz	1885	1794	compare	4	4	4	3	4	3.8	 	 	 	 	 
Vorwort	1852	1882	later	3	4	2	4	4	3.4	 	 	 	 	 
Museum	1787	1888	compare	4	4	4	0	0	4	 	 	 	zu wenig Kontext	Bedeutung von Museum in Satz 1 nicht erschließbar.
Reichstag	1880	1882	later	4	4	4	4	4	4	 	 	 	 	 
Motiv	1888	1893	later	4	1	1	3	2	2.2	 	 	 	 	 
Anstalt	1870	1883	later	4	4	4	2	3	3.4	 	 	 	 	 
englisch	1891	1871	later	3	3	3	3	0	3	 	 	 	 	Keine Bedeutung von englisch in Satz 1 erschließbar.
Steckenpferd	1898	1889	later	4	4	4	4	4	4	 	 	 	 	 
packen	1776	1753	earlier	2	2	2	0	0	2	 	 	 	zwei verschiedene Wörter	Falsche Lemmatisierung in Satz 2.
Presse	1777	1867	compare	3	1	1	1	1	1.4	 	 	 	 	 
Anstellung	1863	1896	later	4	1	1	4	2	2.4	 	 	 	 	 
Abend	1796	1850	compare	4	3	4	4	4	3.8	 	 	 	 	 
Feine	1795	1884	compare	2	1	1	1	1	1.2	 	 	 	 	 
locker	1878	1886	later	3	2	1	3	4	2.6	 	 	 	 	 
englisch	1796	1876	compare	4	4	3	4	4	3.8	 	 	 	 	 
Kinderstube	1788	1791	earlier	4	4	4	4	3	3.8	 	 	 	 	 
billig	1796	1788	earlier	2	1	4	3	3	2.6	Satz 1 billig-billig und Satz 2 billig-angemessen	 	 	 	 
locker	1777	1778	earlier	4	1	3	2	2	2.4	 	 	 	 	 
Presse	1783	1879	compare	2	1	1	1	3	1.6	 	 	 	 	 
Abend	1894	1855	later	4	4	4	4	4	4	 	 	 	 	 
Steckenpferd	1899	1860	later	0	1	4	0	2	2.3333333333	Satz 1 zu wenig Kontext	 	 	zu wenig Kontext	 
billig	1868	1873	later	2	1	1	1	1	1.2	 	 	 	 	 
technisch	1892	1799	compare	4	2	1	4	3	2.8	 	 	 	 	 
Steckenpferd	1880	1877	later	4	1	1	3	1	2	 	 	 	 	 
Museum	1788	1764	earlier	4	4	4	3	4	3.8	 	 	 	 	 
Reichstag	1776	1786	earlier	4	3	4	3	4	3.6	 	 	 	 	 
Kinderstube	1778	1775	earlier	4	2	4	3	4	3.4	 	 	 	 	 
geharnischt	1869	1885	later	2	1	2	1	2	1.6	 	 	 	 	 
Abend	1751	1776	earlier	4	2	4	3	4	3.4	 	 	 	 	 
packen	1879	1866	later	3	1	2	2	4	2.4	 	 	 	 	 
Zufall	1875	1759	compare	4	4	4	2	4	3.6	 	 	 	 	 
Motiv	1880	1893	later	0	2	2	0	0	0	Satz 1 zu wenig Kontext	 	 	zu wenig Kontext	Bedeutung von Satz 1 nicht erschließbar.
englisch	1868	1885	later	4	4	3	4	4	3.8	 	 	 	 	 
flott	1799	1779	earlier	2	1	1	1	4	1.8	 	 	 	 	 
packen	1751	1892	compare	2	1	1	1	3	1.6	 	 	 	 	 
Reichstag	1753	1758	earlier	4	4	4	4	3	3.8	 	 	 	 	 
